-- phpMyAdmin SQL Dump
-- version 4.0.4
-- http://www.phpmyadmin.net
--
-- Host: localhost
-- Generation Time: Dec 01, 2021 at 06:34 AM
-- Server version: 5.6.12-log
-- PHP Version: 5.4.16

SET SQL_MODE = "NO_AUTO_VALUE_ON_ZERO";
SET time_zone = "+00:00";


/*!40101 SET @OLD_CHARACTER_SET_CLIENT=@@CHARACTER_SET_CLIENT */;
/*!40101 SET @OLD_CHARACTER_SET_RESULTS=@@CHARACTER_SET_RESULTS */;
/*!40101 SET @OLD_COLLATION_CONNECTION=@@COLLATION_CONNECTION */;
/*!40101 SET NAMES utf8 */;

--
-- Database: `astudy_onacar_insurancepurchase_prediction`
--
CREATE DATABASE IF NOT EXISTS `astudy_onacar_insurancepurchase_prediction` DEFAULT CHARACTER SET latin1 COLLATE latin1_swedish_ci;
USE `astudy_onacar_insurancepurchase_prediction`;

-- --------------------------------------------------------

--
-- Table structure for table `auth_group`
--

CREATE TABLE IF NOT EXISTS `auth_group` (
  `id` int(11) NOT NULL AUTO_INCREMENT,
  `name` varchar(80) NOT NULL,
  PRIMARY KEY (`id`),
  UNIQUE KEY `name` (`name`)
) ENGINE=InnoDB DEFAULT CHARSET=latin1 AUTO_INCREMENT=1 ;

-- --------------------------------------------------------

--
-- Table structure for table `auth_group_permissions`
--

CREATE TABLE IF NOT EXISTS `auth_group_permissions` (
  `id` int(11) NOT NULL AUTO_INCREMENT,
  `group_id` int(11) NOT NULL,
  `permission_id` int(11) NOT NULL,
  PRIMARY KEY (`id`),
  UNIQUE KEY `auth_group_permissions_group_id_permission_id_0cd325b0_uniq` (`group_id`,`permission_id`),
  KEY `auth_group_permissio_permission_id_84c5c92e_fk_auth_perm` (`permission_id`)
) ENGINE=InnoDB DEFAULT CHARSET=latin1 AUTO_INCREMENT=1 ;

-- --------------------------------------------------------

--
-- Table structure for table `auth_permission`
--

CREATE TABLE IF NOT EXISTS `auth_permission` (
  `id` int(11) NOT NULL AUTO_INCREMENT,
  `name` varchar(255) NOT NULL,
  `content_type_id` int(11) NOT NULL,
  `codename` varchar(100) NOT NULL,
  PRIMARY KEY (`id`),
  UNIQUE KEY `auth_permission_content_type_id_codename_01ab375a_uniq` (`content_type_id`,`codename`)
) ENGINE=InnoDB  DEFAULT CHARSET=latin1 AUTO_INCREMENT=28 ;

--
-- Dumping data for table `auth_permission`
--

INSERT INTO `auth_permission` (`id`, `name`, `content_type_id`, `codename`) VALUES
(1, 'Can add log entry', 1, 'add_logentry'),
(2, 'Can change log entry', 1, 'change_logentry'),
(3, 'Can delete log entry', 1, 'delete_logentry'),
(4, 'Can add permission', 2, 'add_permission'),
(5, 'Can change permission', 2, 'change_permission'),
(6, 'Can delete permission', 2, 'delete_permission'),
(7, 'Can add group', 3, 'add_group'),
(8, 'Can change group', 3, 'change_group'),
(9, 'Can delete group', 3, 'delete_group'),
(10, 'Can add user', 4, 'add_user'),
(11, 'Can change user', 4, 'change_user'),
(12, 'Can delete user', 4, 'delete_user'),
(13, 'Can add content type', 5, 'add_contenttype'),
(14, 'Can change content type', 5, 'change_contenttype'),
(15, 'Can delete content type', 5, 'delete_contenttype'),
(16, 'Can add session', 6, 'add_session'),
(17, 'Can change session', 6, 'change_session'),
(18, 'Can delete session', 6, 'delete_session'),
(19, 'Can add client register_ model', 7, 'add_clientregister_model'),
(20, 'Can change client register_ model', 7, 'change_clientregister_model'),
(21, 'Can delete client register_ model', 7, 'delete_clientregister_model'),
(22, 'Can add client posts_ model', 8, 'add_clientposts_model'),
(23, 'Can change client posts_ model', 8, 'change_clientposts_model'),
(24, 'Can delete client posts_ model', 8, 'delete_clientposts_model'),
(25, 'Can add feedbacks_ model', 9, 'add_feedbacks_model'),
(26, 'Can change feedbacks_ model', 9, 'change_feedbacks_model'),
(27, 'Can delete feedbacks_ model', 9, 'delete_feedbacks_model');

-- --------------------------------------------------------

--
-- Table structure for table `auth_user`
--

CREATE TABLE IF NOT EXISTS `auth_user` (
  `id` int(11) NOT NULL AUTO_INCREMENT,
  `password` varchar(128) NOT NULL,
  `last_login` datetime(6) DEFAULT NULL,
  `is_superuser` tinyint(1) NOT NULL,
  `username` varchar(150) NOT NULL,
  `first_name` varchar(30) NOT NULL,
  `last_name` varchar(150) NOT NULL,
  `email` varchar(254) NOT NULL,
  `is_staff` tinyint(1) NOT NULL,
  `is_active` tinyint(1) NOT NULL,
  `date_joined` datetime(6) NOT NULL,
  PRIMARY KEY (`id`),
  UNIQUE KEY `username` (`username`)
) ENGINE=InnoDB DEFAULT CHARSET=latin1 AUTO_INCREMENT=1 ;

-- --------------------------------------------------------

--
-- Table structure for table `auth_user_groups`
--

CREATE TABLE IF NOT EXISTS `auth_user_groups` (
  `id` int(11) NOT NULL AUTO_INCREMENT,
  `user_id` int(11) NOT NULL,
  `group_id` int(11) NOT NULL,
  PRIMARY KEY (`id`),
  UNIQUE KEY `auth_user_groups_user_id_group_id_94350c0c_uniq` (`user_id`,`group_id`),
  KEY `auth_user_groups_group_id_97559544_fk_auth_group_id` (`group_id`)
) ENGINE=InnoDB DEFAULT CHARSET=latin1 AUTO_INCREMENT=1 ;

-- --------------------------------------------------------

--
-- Table structure for table `auth_user_user_permissions`
--

CREATE TABLE IF NOT EXISTS `auth_user_user_permissions` (
  `id` int(11) NOT NULL AUTO_INCREMENT,
  `user_id` int(11) NOT NULL,
  `permission_id` int(11) NOT NULL,
  PRIMARY KEY (`id`),
  UNIQUE KEY `auth_user_user_permissions_user_id_permission_id_14a6b632_uniq` (`user_id`,`permission_id`),
  KEY `auth_user_user_permi_permission_id_1fbb5f2c_fk_auth_perm` (`permission_id`)
) ENGINE=InnoDB DEFAULT CHARSET=latin1 AUTO_INCREMENT=1 ;

-- --------------------------------------------------------

--
-- Table structure for table `django_admin_log`
--

CREATE TABLE IF NOT EXISTS `django_admin_log` (
  `id` int(11) NOT NULL AUTO_INCREMENT,
  `action_time` datetime(6) NOT NULL,
  `object_id` longtext,
  `object_repr` varchar(200) NOT NULL,
  `action_flag` smallint(5) unsigned NOT NULL,
  `change_message` longtext NOT NULL,
  `content_type_id` int(11) DEFAULT NULL,
  `user_id` int(11) NOT NULL,
  PRIMARY KEY (`id`),
  KEY `django_admin_log_content_type_id_c4bce8eb_fk_django_co` (`content_type_id`),
  KEY `django_admin_log_user_id_c564eba6_fk_auth_user_id` (`user_id`)
) ENGINE=InnoDB DEFAULT CHARSET=latin1 AUTO_INCREMENT=1 ;

-- --------------------------------------------------------

--
-- Table structure for table `django_content_type`
--

CREATE TABLE IF NOT EXISTS `django_content_type` (
  `id` int(11) NOT NULL AUTO_INCREMENT,
  `app_label` varchar(100) NOT NULL,
  `model` varchar(100) NOT NULL,
  PRIMARY KEY (`id`),
  UNIQUE KEY `django_content_type_app_label_model_76bd3d3b_uniq` (`app_label`,`model`)
) ENGINE=InnoDB  DEFAULT CHARSET=latin1 AUTO_INCREMENT=10 ;

--
-- Dumping data for table `django_content_type`
--

INSERT INTO `django_content_type` (`id`, `app_label`, `model`) VALUES
(1, 'admin', 'logentry'),
(3, 'auth', 'group'),
(2, 'auth', 'permission'),
(4, 'auth', 'user'),
(8, 'Client_Site', 'clientposts_model'),
(7, 'Client_Site', 'clientregister_model'),
(9, 'Client_Site', 'feedbacks_model'),
(5, 'contenttypes', 'contenttype'),
(6, 'sessions', 'session');

-- --------------------------------------------------------

--
-- Table structure for table `django_migrations`
--

CREATE TABLE IF NOT EXISTS `django_migrations` (
  `id` int(11) NOT NULL AUTO_INCREMENT,
  `app` varchar(255) NOT NULL,
  `name` varchar(255) NOT NULL,
  `applied` datetime(6) NOT NULL,
  PRIMARY KEY (`id`)
) ENGINE=InnoDB  DEFAULT CHARSET=latin1 AUTO_INCREMENT=22 ;

--
-- Dumping data for table `django_migrations`
--

INSERT INTO `django_migrations` (`id`, `app`, `name`, `applied`) VALUES
(1, 'Remote_User', '0001_initial', '2019-04-23 07:01:48.050781'),
(2, 'contenttypes', '0001_initial', '2019-04-23 07:01:49.494140'),
(3, 'auth', '0001_initial', '2019-04-23 07:02:03.837890'),
(4, 'admin', '0001_initial', '2019-04-23 07:02:05.832031'),
(5, 'admin', '0002_logentry_remove_auto_add', '2019-04-23 07:02:05.863281'),
(6, 'contenttypes', '0002_remove_content_type_name', '2019-04-23 07:02:07.041015'),
(7, 'auth', '0002_alter_permission_name_max_length', '2019-04-23 07:02:07.839843'),
(8, 'auth', '0003_alter_user_email_max_length', '2019-04-23 07:02:08.330078'),
(9, 'auth', '0004_alter_user_username_opts', '2019-04-23 07:02:08.361328'),
(10, 'auth', '0005_alter_user_last_login_null', '2019-04-23 07:02:08.921875'),
(11, 'auth', '0006_require_contenttypes_0002', '2019-04-23 07:02:08.953125'),
(12, 'auth', '0007_alter_validators_add_error_messages', '2019-04-23 07:02:08.989257'),
(13, 'auth', '0008_alter_user_username_max_length', '2019-04-23 07:02:09.785156'),
(14, 'auth', '0009_alter_user_last_name_max_length', '2019-04-23 07:02:10.580078'),
(15, 'sessions', '0001_initial', '2019-04-23 07:02:11.764648'),
(16, 'Remote_User', '0002_clientposts_model', '2019-04-25 05:53:57.702132'),
(17, 'Remote_User', '0003_clientposts_model_usefulcounts', '2019-04-25 10:00:02.521468'),
(18, 'Remote_User', '0004_auto_20190429_1027', '2019-04-29 04:57:32.672296'),
(19, 'Remote_User', '0005_clientposts_model_dislikes', '2019-04-29 05:15:16.668390'),
(20, 'Remote_User', '0006_Review_model', '2019-04-29 05:19:26.382257'),
(21, 'Remote_User', '0007_clientposts_model_names', '2019-04-30 04:45:46.472656');

-- --------------------------------------------------------

--
-- Table structure for table `django_session`
--

CREATE TABLE IF NOT EXISTS `django_session` (
  `session_key` varchar(40) NOT NULL,
  `session_data` longtext NOT NULL,
  `expire_date` datetime(6) NOT NULL,
  PRIMARY KEY (`session_key`),
  KEY `django_session_expire_date_a5c62663` (`expire_date`)
) ENGINE=InnoDB DEFAULT CHARSET=latin1;

--
-- Dumping data for table `django_session`
--

INSERT INTO `django_session` (`session_key`, `session_data`, `expire_date`) VALUES
('0doxd89lelsb62hh61y1u9xvhgis91ks', 'eyJ1c2VyaWQiOjE5fQ:1mDlBs:xxj-bSmT5wd80FZ0QPs9yzR1wUnf-8naNjRRmgbWt-4', '2021-08-25 10:10:28.069873'),
('0jpcgnd1gmwbp3e8tw54e6nxjylsogyo', 'YmM4NjE0MDQ2MzBmYWIxNzIzNTkxZjBiN2I5M2MxMzQyYTE0YmMxODp7InVzZXJpZCI6Mn0=', '2020-02-21 08:52:28.687500'),
('49qo7iki5uxczhyymi8ka7dnh6a2wva5', 'MmE4N2EzZmM3NTI1ODc3MjUxYjUxNWM3OWM4ZGExNWViMzRkN2MzYTp7Im5hbWUiOjF9', '2019-05-08 09:19:45.486328'),
('4df7s82pddaszour6twx23d86058ppjq', 'ZmNkODA5MmI1ZGQ0Yjk5MmZlNzEyNTcwNTcxNjk2ZWYxZTE3NThkMjp7InVzZXJpZCI6NX0=', '2020-11-23 11:49:21.396484'),
('4io28d085qjfib7a5s2qbhc8qp4wfiva', 'eyJ1c2VyaWQiOjE2fQ:1mAtmi:oIUbcN3WzJiaWnxMBZ6eIGMTo8NS2y701JlpwqvzBUk', '2021-08-17 12:44:40.453750'),
('4x6b78w9rfcn34v650kd2j7oij6atr8p', 'Zjk0Y2RlYjc4OTJhNWMyZjQyNmM4ZGRhYTVjNmVlNDFhZGE4ZmU3NTp7InVzZXJpZCI6Nn0=', '2019-12-27 12:07:42.082031'),
('723k0oedkov87ky1g7pftr4uwctvrvnr', 'eyJ1c2VyaWQiOjN9:1mrg21:eGyDcWBGXPwKLqmECaZUseYAAHJj2yeqVn8BespfE_Q', '2021-12-13 12:45:17.365996'),
('7ixdamflp4fqyjecn17bd7xfbsi7eowq', 'eyJ1c2VyaWQiOjEwfQ:1mBzQr:5DfHs08xtygiklJxfW3kZFCrxnrA_igxR5gbDcKt2e8', '2021-08-20 12:58:37.947486'),
('9vom7mmn5muyoiy8nytc9mxown1q1g2b', 'eyJ1c2VyaWQiOjE5fQ:1mDRHr:QCoJ_gmMMx_cxknA5j_5NlcTLnENHFouosRuxYZlYbI', '2021-08-24 12:55:19.038051'),
('au3tqhab9csr4r2g5p8wxgktebzxone0', 'eyJ1c2VyaWQiOjExfQ:1mexd7:BmPTZn93Z2602ApV03LTh7BmDypyoNMN2YRKctHrGF8', '2021-11-08 10:55:01.820399'),
('b9cu6cjsfqfm5mame5dy1ikpiiy7yn3w', 'OTk3NTk2YTE0NjM5MWQ0OGQ0MjY3NzBjNzdhOTc0ZWJhM2ZkMzdkMjp7InVzZXJpZCI6MX0=', '2019-05-09 11:00:08.480453'),
('bhfid9lacfwlfi5yu3rgdg1uo5fp2bq8', 'eyJ1c2VyaWQiOjE4fQ:1mBH4F:2wUorkPET_MGY07bWd-Zp-9HZUsjS3bGCHCu1j6BN-s', '2021-08-18 13:36:19.192796'),
('ct13q5fpn94zvnij8ekixwzcky2imc5e', 'YWUzM2IzMWJiYmQ3YmY2YzlkMGFlNTM1YmU5ZGM4YjQ0MmY1YTc0NTp7InVzZXJpZCI6NH0=', '2019-05-14 11:44:10.978515'),
('e07j4duysh402dedtomm8icctvs9ljgy', 'MmE4N2EzZmM3NTI1ODc3MjUxYjUxNWM3OWM4ZGExNWViMzRkN2MzYTp7Im5hbWUiOjF9', '2019-05-09 06:08:12.306625'),
('fq0czwxzas1e5bjz5cx5pr6ytm8uhejy', 'eyJ1c2VyaWQiOjExfQ:1mfKoD:eQbeRUgZ8NFqCleEdS6fE0NAoRs3zn6_B82CZb4YtiQ', '2021-11-09 11:40:01.472965'),
('gsqk7v1ei7yhuvcbxw6r8vxhgbuzz7zx', 'eyJ1c2VyaWQiOjJ9:1mkkhL:_T8wyqi-MJi-K7_a-0EPz-h6HRouyRfpeAhHqTS5N04', '2021-11-24 10:19:19.270816'),
('h2up0dvopjvwswxnvprj7id9lgrivhus', 'eyJ1c2VyaWQiOjIzfQ:1mfM3f:FAuAUdY-ly6qun6t571yt1pYKVGhXfjbjhiruld5rNs', '2021-11-09 13:00:03.703809'),
('hbv74sg6w6e4wp89vq807vw0xhkh5s1h', 'MzU0ZWYzNTQ3MjM4MWZlOTVjM2M1MWQ4MmE5ODE0OTlkNDRkNDkwMDp7InVzZXJpZCI6MX0=', '2020-01-10 07:40:38.067382'),
('hhtt48je70l9nzw6dee4ocuxxm9blqej', 'NGRhY2JkNmQ4ZTM4OTU0Y2UzMzFlZmZmOTgzYmE0MWVkOThiNjc2NTp7Im5hbWUiOjEsInVzZXJpZCI6MX0=', '2019-05-09 10:12:38.380843'),
('hsb5814on7cph0wvy0yls67ca94ngcq3', 'eyJ1c2VyaWQiOjE5fQ:1mBzgz:cug3sAkQKH-bQBkB9O5l0UsDJL-37eDV8mR9Qau3elA', '2021-08-20 13:15:17.195464'),
('i530ldontosd9c37rlmr7i190cc8j54c', 'eyJ1c2VyaWQiOjExfQ:1mfGFZ:PSpZPmdPYnGzwCScqY4tYBkDj8BMVATwweZjjxmG5dk', '2021-11-09 06:47:57.629900'),
('i77fui9jgj9yk7ncx7u4ph5d6kg0nl6c', 'eyJ1c2VyaWQiOjE5fQ:1mDPJC:kqt800XGsVGRjHS3TmeLFrJbrpIK4-GbH4ZirwIc7S4', '2021-08-24 10:48:34.860638'),
('ic3hqykgws5iy6fz5ns6h6f921jbjzmt', 'eyJ1c2VyaWQiOjExfQ:1kywHL:I_tahJ0VJb7myAbMbXpWZu9XrSaAMmduNxGd2x5gtmY', '2021-01-25 12:26:35.043761'),
('iz6wcyx97x1w6mpfc51g1tj72z2xghfn', 'eyJ1c2VyaWQiOjl9:1kwlIp:YKOKMwJARe6w057AKTGY1-GCuRcZAeAbJ0bdQao23wY', '2021-01-19 12:19:07.663490'),
('jgcbya9z2s6b6mmldfv28lm18imc73m8', 'eyJ1c2VyaWQiOjIxfQ:1mDnYP:GTRQ2I-UYLdsCCyA0-WsFSAVBNno1wLo6lk4M8JS0OU', '2021-08-25 12:41:53.312085'),
('jpkxxiej4bdjin5tpdjm0xqhdooexz9o', 'eyJ1c2VyaWQiOjExfQ:1mBEdk:YOk6fHHfBMmtt5ZvSyzgy13Az8JS59iXbU4LO1Ps1RI', '2021-08-18 11:00:48.423036'),
('k7dyn4irgrj5wb4jucb4po527iw724dp', 'eyJ1c2VyaWQiOjEzfQ:1l0JrY:2_TJ4L_XoHdOW51Zdp0MOdyBEZEzntk5pdXZFDmX9x4', '2021-01-29 07:49:40.202848'),
('ktjsa2dwmkzggkc8htfro0m1zf2kt78d', 'eyJ1c2VyaWQiOjI0fQ:1mfiev:rUgpc2VOr-8MQnmWwZsSVM_IqXQAA3Bacheqmp_LQ2o', '2021-11-10 13:08:01.503971'),
('o7x1vhluuypdfmgv7fmv6nohgfn5ub55', 'NzMyZjlhNzFhZjk2ZGUzZmFiMmIzYjMwNTJkYTg5MDUzNmNlMDk4Mjp7InVzZXJpZCI6MTZ9', '2020-01-02 12:51:55.659179'),
('oc4pzt7ijx1rzj09m2ve6b6y5uwc6wt5', 'eyJ1c2VyaWQiOjF9:1mkk7W:6GDuPOPoLHMwOYLys3lXIgfM79Fq36HHW31-utzbeyk', '2021-11-24 09:42:18.649798'),
('owqt9fqa6pkheboduh6f4k5p4lkwj0yc', 'eyJ1c2VyaWQiOjExfQ:1mfiXk:Wzn12pygxu_2Z1TzCSC4bKDawuXj_i7_BFLhJjKx-10', '2021-11-10 13:00:36.684741'),
('psdjoq42u7lfqwfodftic5x6z9ij34nk', 'eyJ1c2VyaWQiOjExfQ:1mAXDq:a8YYY1YJU3jPv03qo9-VcrjRHnDWRSqGseiR93n0GVM', '2021-08-16 12:39:10.518259'),
('q6hp9a2l9dbrclvox0o02x1aamx1ukj7', 'eyJ1c2VyaWQiOjIyfQ:1mfGz3:wkq7ZgyB738cK3Jugrc0viqb3eI1C0gWhyypHF_DE-A', '2021-11-09 07:34:57.860407'),
('qnaolidvfx6bu9ra3uyqvkgva7bv92f1', 'OTk3NTk2YTE0NjM5MWQ0OGQ0MjY3NzBjNzdhOTc0ZWJhM2ZkMzdkMjp7InVzZXJpZCI6MX0=', '2019-05-14 05:34:50.069335'),
('r9qk0kd407g591hugz99fhps8zofh69s', 'eyJ1c2VyaWQiOjE4fQ:1mBxnG:qkd9MTM_FhhghUpV90qngEkwkoSKYdLbfwRKBLhK7Qg', '2021-08-20 11:13:38.356475'),
('rfq3uvadj7qsqrz7qlcyie9wscsqz1nr', 'eyJ1c2VyaWQiOjI1fQ:1mk2vF:mTIne3EU3rECWccrUfyPmy7XxIwdAzxhig4S5oOngho', '2021-11-22 11:34:45.897995'),
('rn48bwukkb2yv60kvkacr8nc0njr5xky', 'eyJ1c2VyaWQiOjExfQ:1mfggv:xsbmrrGzxtrEFgspA0Wp7oWTp9qDl0shDSlGG8fHJo4', '2021-11-10 11:01:57.519295'),
('s7ui2zx2cslubpch6dm7iaxlz2wlsdgg', 'eyJ1c2VyaWQiOjExfQ:1mk1Xz:fpol-krFazPxkK0b4gEoocpOXHcd-eaYoxg26CU420Q', '2021-11-22 10:06:39.923928'),
('sdcvtwp7s5yj8q1lb0mdvlg8nj5wujqo', 'eyJ1c2VyaWQiOjEyfQ:1kzJ3p:0g6nRuJv3TXWVpANqNgbJcrUv96ZU5UQwv3bgqBbL1I', '2021-01-26 12:46:09.538596'),
('tejgl09oettnyva23kqdbns5nfz5g8ug', 'OTk3NTk2YTE0NjM5MWQ0OGQ0MjY3NzBjNzdhOTc0ZWJhM2ZkMzdkMjp7InVzZXJpZCI6MX0=', '2019-05-09 11:19:24.387679'),
('tx26u0gjaebi1m6miqvms83dw452rw7c', 'eyJ1c2VyaWQiOjExfQ:1mg01H:i0OHhHK7t2WdfySWwMXXs92TaT7Vn1UQf2i0eZBO70s', '2021-11-11 07:40:15.053714'),
('u5icgvq3qt5nthdlv99go3r804ccghbo', 'MmE4N2EzZmM3NTI1ODc3MjUxYjUxNWM3OWM4ZGExNWViMzRkN2MzYTp7Im5hbWUiOjF9', '2019-05-09 06:00:13.573226'),
('ws2o4cq1jbqepe0e9s9v7n4erxatq9ic', 'eyJ1c2VyaWQiOjE1fQ:1l2CgI:SmlpAnZzplZhPTFJ_rkEJstnZRl2CYWyTcah7PHPv-M', '2021-02-03 12:33:50.352453'),
('wyh3ll82q94ydydbk67kxuodnsa8uygi', 'eyJ1c2VyaWQiOjJ9:1mrdJw:Mi12ZwhEZUIkErDdaw9ri6Uyfl7X8A3Imf63q_mHxfM', '2021-12-13 09:51:36.688915'),
('zega5sz46ivu1tb1o1mtmg3v2ysxog1w', 'eyJ1c2VyaWQiOjh9:1kuVm4:L7RizVvw4EC0IyYCYAIhGjC8lvZol_Z1abqVwdkdKkY', '2021-01-13 07:20:00.767751');

-- --------------------------------------------------------

--
-- Table structure for table `remote_user_car_insurance`
--

CREATE TABLE IF NOT EXISTS `remote_user_car_insurance` (
  `id` int(11) NOT NULL AUTO_INCREMENT,
  `idno` varchar(300) NOT NULL,
  `Gender` varchar(300) NOT NULL,
  `Age` varchar(300) NOT NULL,
  `Driving_License` varchar(300) NOT NULL,
  `Region_Code` varchar(300) NOT NULL,
  `Previously_Insured` varchar(300) NOT NULL,
  `Vehicle_Age` varchar(300) NOT NULL,
  `Vehicle_Damage` varchar(300) NOT NULL,
  `Annual_Premium` varchar(300) NOT NULL,
  `Policy_Sales_Channel` varchar(300) NOT NULL,
  `Vintage` varchar(300) NOT NULL,
  `IResponse` varchar(300) NOT NULL,
  PRIMARY KEY (`id`)
) ENGINE=InnoDB  DEFAULT CHARSET=latin1 AUTO_INCREMENT=3007 ;

--
-- Dumping data for table `remote_user_car_insurance`
--

INSERT INTO `remote_user_car_insurance` (`id`, `idno`, `Gender`, `Age`, `Driving_License`, `Region_Code`, `Previously_Insured`, `Vehicle_Age`, `Vehicle_Damage`, `Annual_Premium`, `Policy_Sales_Channel`, `Vintage`, `IResponse`) VALUES
(2005, '1', 'Male', '44', '1', '28', '0', '> 2 Years', 'Yes', '40454', '26', '217', '1'),
(2006, '2', 'Male', '76', '1', '3', '0', '1-2 Year', 'No', '33536', '26', '183', '0'),
(2007, '3', 'Male', '47', '1', '28', '0', '> 2 Years', 'Yes', '38294', '26', '27', '1'),
(2008, '4', 'Male', '21', '1', '11', '1', '< 1 Year', 'No', '28619', '152', '203', '0'),
(2009, '5', 'Female', '29', '1', '41', '1', '< 1 Year', 'No', '27496', '152', '39', '0'),
(2010, '6', 'Female', '24', '1', '33', '0', '< 1 Year', 'Yes', '2630', '160', '176', '0'),
(2011, '7', 'Male', '23', '1', '11', '0', '< 1 Year', 'Yes', '23367', '152', '249', '0'),
(2012, '8', 'Female', '56', '1', '28', '0', '1-2 Year', 'Yes', '32031', '26', '72', '1'),
(2013, '9', 'Female', '24', '1', '3', '1', '< 1 Year', 'No', '27619', '152', '28', '0'),
(2014, '10', 'Female', '32', '1', '6', '1', '< 1 Year', 'No', '28771', '152', '80', '0'),
(2015, '11', 'Female', '47', '1', '35', '0', '1-2 Year', 'Yes', '47576', '124', '46', '1'),
(2016, '12', 'Female', '24', '1', '50', '1', '< 1 Year', 'No', '48699', '152', '289', '0'),
(2017, '13', 'Female', '41', '1', '15', '1', '1-2 Year', 'No', '31409', '14', '221', '0'),
(2018, '14', 'Male', '76', '1', '28', '0', '1-2 Year', 'Yes', '36770', '13', '15', '0'),
(2019, '15', 'Male', '71', '1', '28', '1', '1-2 Year', 'No', '46818', '30', '58', '0'),
(2020, '16', 'Male', '37', '1', '6', '0', '1-2 Year', 'Yes', '2630', '156', '147', '1'),
(2021, '17', 'Female', '25', '1', '45', '0', '< 1 Year', 'Yes', '26218', '160', '256', '0'),
(2022, '18', 'Female', '25', '1', '35', '1', '< 1 Year', 'No', '46622', '152', '299', '0'),
(2023, '19', 'Male', '42', '1', '28', '0', '1-2 Year', 'Yes', '33667', '124', '158', '0'),
(2024, '20', 'Female', '60', '1', '33', '0', '1-2 Year', 'Yes', '32363', '124', '102', '1'),
(2025, '21', 'Male', '65', '1', '28', '0', '1-2 Year', 'Yes', '41184', '124', '116', '0'),
(2026, '22', 'Male', '49', '1', '28', '0', '1-2 Year', 'Yes', '50791', '124', '177', '0'),
(2027, '23', 'Male', '23', '1', '50', '1', '< 1 Year', 'No', '45283', '152', '232', '0'),
(2028, '24', 'Male', '44', '1', '28', '0', '1-2 Year', 'Yes', '41852', '163', '60', '0'),
(2029, '25', 'Male', '34', '1', '15', '1', '1-2 Year', 'No', '38111', '152', '180', '0'),
(2030, '26', 'Female', '21', '1', '28', '1', '< 1 Year', 'No', '61964', '152', '72', '0'),
(2031, '27', 'Female', '51', '1', '28', '0', '1-2 Year', 'Yes', '38341', '124', '49', '1'),
(2032, '28', 'Male', '26', '1', '6', '1', '< 1 Year', 'No', '19135', '152', '57', '0'),
(2033, '29', 'Female', '25', '1', '8', '1', '< 1 Year', 'No', '27946', '152', '223', '0'),
(2034, '30', 'Male', '57', '1', '11', '0', '1-2 Year', 'Yes', '25679', '157', '232', '1'),
(2035, '31', 'Female', '26', '1', '8', '0', '< 1 Year', 'No', '2630', '160', '136', '0'),
(2036, '32', 'Male', '79', '1', '28', '0', '1-2 Year', 'Yes', '57444', '26', '222', '0'),
(2037, '33', 'Female', '48', '1', '28', '0', '1-2 Year', 'Yes', '36951', '122', '149', '0'),
(2038, '34', 'Female', '24', '1', '36', '0', '< 1 Year', 'Yes', '43129', '152', '49', '0'),
(2039, '35', 'Female', '32', '1', '30', '1', '< 1 Year', 'No', '27638', '152', '169', '0'),
(2040, '36', 'Male', '41', '1', '36', '1', '1-2 Year', 'No', '30039', '124', '88', '0'),
(2041, '37', 'Male', '71', '1', '8', '1', '1-2 Year', 'No', '40903', '19', '253', '0'),
(2042, '38', 'Female', '25', '1', '28', '1', '< 1 Year', 'No', '76251', '152', '107', '0'),
(2043, '39', 'Male', '45', '1', '8', '0', '1-2 Year', 'Yes', '42297', '124', '264', '0'),
(2044, '40', 'Male', '72', '1', '41', '1', '1-2 Year', 'No', '32210', '152', '233', '0'),
(2045, '41', 'Male', '30', '1', '30', '0', '< 1 Year', 'Yes', '24550', '124', '45', '0'),
(2046, '42', 'Female', '54', '1', '28', '0', '1-2 Year', 'No', '38560', '122', '184', '0'),
(2047, '43', 'Male', '27', '1', '41', '0', '< 1 Year', 'No', '21078', '152', '251', '0'),
(2048, '44', 'Female', '38', '1', '35', '1', '1-2 Year', 'No', '2630', '152', '153', '0'),
(2049, '45', 'Female', '26', '1', '30', '1', '< 1 Year', 'No', '31136', '152', '186', '0'),
(2050, '46', 'Male', '56', '1', '28', '0', '1-2 Year', 'Yes', '34617', '124', '71', '0'),
(2051, '47', 'Female', '29', '1', '15', '1', '< 1 Year', 'No', '32923', '152', '34', '0'),
(2052, '48', 'Male', '51', '1', '26', '1', '1-2 Year', 'No', '33761', '22', '83', '0'),
(2053, '49', 'Female', '25', '1', '15', '0', '< 1 Year', 'No', '38667', '152', '12', '0'),
(2054, '50', 'Male', '48', '1', '3', '0', '1-2 Year', 'No', '38233', '124', '246', '0'),
(2055, '51', 'Female', '22', '1', '50', '0', '< 1 Year', 'No', '15052', '152', '141', '0'),
(2056, '52', 'Male', '22', '1', '16', '0', '< 1 Year', 'Yes', '30673', '152', '216', '0'),
(2057, '53', 'Female', '49', '1', '3', '1', '1-2 Year', 'No', '25553', '152', '130', '0'),
(2058, '54', 'Male', '78', '1', '41', '1', '1-2 Year', 'No', '49491', '26', '282', '0'),
(2059, '55', 'Female', '44', '1', '28', '0', '1-2 Year', 'Yes', '45415', '13', '73', '0'),
(2060, '56', 'Female', '20', '1', '47', '0', '< 1 Year', 'Yes', '25380', '160', '171', '0'),
(2061, '57', 'Male', '39', '1', '28', '0', '1-2 Year', 'Yes', '57582', '26', '141', '0'),
(2062, '58', 'Male', '54', '1', '28', '0', '1-2 Year', 'Yes', '25205', '26', '283', '1'),
(2063, '59', 'Female', '62', '1', '48', '0', '1-2 Year', 'Yes', '2630', '15', '295', '0'),
(2064, '60', 'Male', '29', '1', '3', '1', '< 1 Year', 'No', '35463', '152', '165', '0'),
(2065, '61', 'Male', '49', '1', '8', '0', '1-2 Year', 'Yes', '2630', '156', '30', '0'),
(2066, '62', 'Female', '20', '1', '50', '0', '< 1 Year', 'Yes', '36615', '160', '218', '0'),
(2067, '63', 'Female', '62', '1', '28', '0', '> 2 Years', 'Yes', '33830', '26', '130', '0'),
(2068, '64', 'Male', '58', '1', '19', '1', '1-2 Year', 'No', '39661', '26', '141', '0'),
(2069, '65', 'Male', '39', '1', '15', '0', '1-2 Year', 'Yes', '37849', '124', '22', '0'),
(2070, '66', 'Female', '59', '1', '30', '0', '1-2 Year', 'Yes', '34426', '26', '147', '0'),
(2071, '67', 'Male', '41', '1', '28', '0', '1-2 Year', 'Yes', '42268', '154', '36', '0'),
(2072, '68', 'Male', '60', '1', '28', '0', '1-2 Year', 'Yes', '66338', '124', '73', '0'),
(2073, '69', 'Male', '63', '1', '28', '1', '1-2 Year', 'No', '61739', '124', '79', '0'),
(2074, '70', 'Female', '50', '1', '41', '0', '1-2 Year', 'Yes', '2630', '26', '81', '1'),
(2075, '71', 'Male', '44', '1', '47', '0', '1-2 Year', 'Yes', '46481', '16', '100', '0'),
(2076, '72', 'Female', '27', '1', '11', '0', '< 1 Year', 'Yes', '34587', '26', '63', '0'),
(2077, '73', 'Female', '23', '1', '39', '1', '< 1 Year', 'No', '40372', '152', '242', '0'),
(2078, '74', 'Male', '50', '1', '28', '1', '1-2 Year', 'No', '27784', '26', '277', '0'),
(2079, '75', 'Male', '59', '1', '23', '0', '1-2 Year', 'No', '27865', '124', '39', '0'),
(2080, '76', 'Female', '59', '1', '26', '1', '1-2 Year', 'No', '35649', '122', '136', '0'),
(2081, '77', 'Male', '67', '1', '28', '1', '1-2 Year', 'No', '31993', '122', '61', '0'),
(2082, '78', 'Female', '27', '1', '33', '1', '< 1 Year', 'No', '35512', '152', '111', '0'),
(2083, '79', 'Male', '29', '1', '28', '0', '1-2 Year', 'Yes', '42567', '26', '167', '1'),
(2084, '80', 'Male', '77', '1', '37', '1', '1-2 Year', 'No', '40651', '124', '183', '0'),
(2085, '81', 'Male', '54', '1', '26', '0', '1-2 Year', 'Yes', '35493', '22', '74', '0'),
(2086, '82', 'Female', '28', '1', '28', '1', '< 1 Year', 'No', '38529', '152', '235', '0'),
(2087, '83', 'Female', '39', '1', '8', '1', '1-2 Year', 'No', '34735', '152', '131', '0'),
(2088, '84', 'Female', '39', '1', '5', '0', '1-2 Year', 'Yes', '31760', '26', '141', '0'),
(2089, '85', 'Male', '69', '1', '28', '0', '1-2 Year', 'Yes', '29802', '122', '158', '0'),
(2090, '86', 'Female', '21', '1', '17', '0', '< 1 Year', 'Yes', '27756', '160', '243', '0'),
(2091, '87', 'Female', '54', '1', '47', '0', '> 2 Years', 'Yes', '32873', '26', '248', '0'),
(2092, '88', 'Male', '25', '1', '23', '0', '< 1 Year', 'Yes', '23537', '152', '58', '0'),
(2093, '89', 'Female', '23', '1', '35', '1', '< 1 Year', 'No', '27606', '160', '114', '0'),
(2094, '90', 'Female', '20', '1', '36', '0', '< 1 Year', 'Yes', '46275', '160', '281', '1'),
(2095, '91', 'Female', '25', '1', '50', '1', '< 1 Year', 'No', '31556', '152', '62', '0'),
(2096, '92', 'Female', '26', '1', '30', '1', '< 1 Year', 'No', '31791', '152', '189', '0'),
(2097, '93', 'Male', '77', '1', '28', '0', '1-2 Year', 'Yes', '36099', '124', '139', '0'),
(2098, '94', 'Female', '28', '1', '41', '0', '1-2 Year', 'No', '2630', '156', '138', '0'),
(2099, '95', 'Female', '23', '1', '15', '0', '< 1 Year', 'Yes', '41641', '152', '209', '0'),
(2100, '96', 'Female', '23', '1', '30', '0', '< 1 Year', 'No', '26689', '152', '254', '0'),
(2101, '97', 'Male', '50', '1', '28', '0', '1-2 Year', 'Yes', '46995', '52', '291', '0'),
(2102, '98', 'Female', '62', '1', '28', '0', '> 2 Years', 'Yes', '41892', '155', '114', '0'),
(2103, '99', 'Female', '21', '1', '2', '0', '< 1 Year', 'Yes', '34274', '152', '79', '0'),
(2104, '100', 'Female', '24', '1', '7', '1', '< 1 Year', 'Yes', '2630', '160', '68', '0'),
(2105, '101', 'Male', '52', '1', '28', '1', '1-2 Year', 'No', '36033', '26', '92', '0'),
(2106, '102', 'Male', '24', '1', '3', '1', '< 1 Year', 'No', '28139', '152', '52', '0'),
(2107, '103', 'Female', '20', '1', '30', '0', '< 1 Year', 'Yes', '33227', '160', '78', '0'),
(2108, '104', 'Female', '22', '1', '8', '1', '< 1 Year', 'No', '39816', '152', '156', '0'),
(2109, '105', 'Male', '29', '1', '41', '1', '< 1 Year', 'Yes', '43046', '163', '222', '0'),
(2110, '106', 'Female', '44', '1', '28', '0', '1-2 Year', 'Yes', '50521', '26', '22', '1'),
(2111, '107', 'Female', '23', '1', '41', '1', '< 1 Year', 'No', '36674', '152', '158', '0'),
(2112, '108', 'Male', '31', '1', '29', '0', '1-2 Year', 'Yes', '28867', '124', '247', '0'),
(2113, '109', 'Male', '72', '1', '46', '1', '1-2 Year', 'Yes', '28698', '30', '216', '0'),
(2114, '110', 'Male', '45', '1', '35', '0', '1-2 Year', 'Yes', '2630', '124', '275', '0'),
(2115, '111', 'Male', '27', '1', '8', '1', '< 1 Year', 'No', '31428', '122', '77', '0'),
(2116, '112', 'Female', '48', '1', '46', '0', '> 2 Years', 'Yes', '37379', '11', '139', '0'),
(2117, '113', 'Female', '33', '1', '30', '1', '< 1 Year', 'No', '24998', '152', '181', '0'),
(2118, '114', 'Male', '50', '1', '30', '0', '1-2 Year', 'Yes', '34271', '26', '229', '1'),
(2119, '115', 'Female', '28', '1', '30', '1', '< 1 Year', 'No', '32830', '152', '275', '0'),
(2120, '116', 'Female', '32', '1', '46', '0', '1-2 Year', 'Yes', '34810', '26', '166', '0'),
(2121, '117', 'Male', '69', '1', '46', '0', '1-2 Year', 'Yes', '2630', '11', '16', '0'),
(2122, '118', 'Female', '32', '1', '27', '1', '< 1 Year', 'No', '22838', '151', '295', '0'),
(2123, '119', 'Female', '23', '1', '29', '1', '< 1 Year', 'No', '37983', '152', '23', '0'),
(2124, '120', 'Female', '23', '1', '25', '0', '< 1 Year', 'No', '2630', '152', '149', '0'),
(2125, '121', 'Male', '39', '1', '3', '0', '1-2 Year', 'Yes', '37239', '26', '216', '1'),
(2126, '122', 'Female', '39', '1', '28', '1', '1-2 Year', 'No', '37243', '124', '31', '0'),
(2127, '123', 'Male', '37', '1', '13', '0', '1-2 Year', 'Yes', '30440', '124', '293', '0'),
(2128, '124', 'Male', '34', '1', '18', '0', '1-2 Year', 'Yes', '38232', '124', '156', '1'),
(2129, '125', 'Male', '23', '1', '15', '1', '< 1 Year', 'No', '25605', '160', '256', '0'),
(2130, '126', 'Male', '49', '1', '28', '0', '1-2 Year', 'Yes', '2630', '124', '88', '0'),
(2131, '127', 'Male', '23', '1', '41', '1', '< 1 Year', 'No', '33307', '152', '147', '0'),
(2132, '128', 'Female', '22', '1', '25', '0', '< 1 Year', 'Yes', '23955', '160', '22', '0'),
(2133, '129', 'Female', '22', '1', '20', '0', '< 1 Year', 'Yes', '2630', '152', '219', '0'),
(2134, '130', 'Female', '27', '1', '41', '1', '< 1 Year', 'No', '22371', '152', '50', '0'),
(2135, '131', 'Male', '50', '1', '28', '0', '1-2 Year', 'Yes', '57389', '26', '155', '1'),
(2136, '132', 'Female', '27', '1', '28', '1', '< 1 Year', 'No', '30005', '152', '92', '0'),
(2137, '133', 'Male', '28', '1', '37', '1', '< 1 Year', 'No', '32600', '152', '131', '0'),
(2138, '134', 'Female', '25', '1', '49', '1', '< 1 Year', 'No', '31680', '152', '66', '0'),
(2139, '135', 'Female', '27', '1', '8', '1', '< 1 Year', 'No', '40651', '152', '260', '0'),
(2140, '136', 'Female', '43', '1', '41', '0', '1-2 Year', 'Yes', '2630', '26', '19', '1'),
(2141, '137', 'Female', '59', '1', '39', '0', '1-2 Year', 'Yes', '32775', '124', '158', '0'),
(2142, '138', 'Female', '23', '1', '36', '0', '< 1 Year', 'Yes', '33638', '160', '22', '0'),
(2143, '139', 'Male', '36', '1', '28', '1', '1-2 Year', 'No', '2630', '26', '258', '0'),
(2144, '140', 'Male', '21', '1', '29', '1', '< 1 Year', 'No', '62164', '152', '116', '0'),
(2145, '141', 'Female', '21', '1', '46', '1', '< 1 Year', 'No', '27528', '160', '117', '0'),
(2146, '142', 'Female', '47', '1', '41', '1', '1-2 Year', 'No', '42080', '124', '62', '0'),
(2147, '143', 'Male', '25', '1', '28', '1', '< 1 Year', 'No', '36202', '152', '193', '0'),
(2148, '144', 'Female', '32', '1', '46', '0', '1-2 Year', 'Yes', '27320', '156', '204', '0'),
(2149, '145', 'Male', '21', '1', '3', '1', '< 1 Year', 'No', '40511', '160', '212', '0'),
(2150, '146', 'Male', '23', '1', '28', '0', '< 1 Year', 'Yes', '56589', '152', '144', '0'),
(2151, '147', 'Female', '27', '1', '30', '1', '< 1 Year', 'No', '33780', '152', '246', '0'),
(2152, '148', 'Male', '20', '1', '39', '1', '< 1 Year', 'No', '28329', '160', '78', '0'),
(2153, '149', 'Female', '38', '1', '28', '0', '1-2 Year', 'Yes', '34471', '124', '234', '1'),
(2154, '150', 'Female', '22', '1', '11', '1', '< 1 Year', 'No', '76651', '152', '258', '0'),
(2155, '151', 'Male', '25', '1', '8', '0', '< 1 Year', 'Yes', '54385', '152', '206', '0'),
(2156, '152', 'Male', '27', '1', '28', '0', '< 1 Year', 'Yes', '26732', '152', '282', '0'),
(2157, '153', 'Male', '51', '1', '19', '0', '1-2 Year', 'Yes', '2630', '124', '228', '0'),
(2158, '154', 'Male', '53', '1', '28', '1', '1-2 Year', 'No', '40397', '122', '156', '0'),
(2159, '155', 'Female', '24', '1', '22', '1', '< 1 Year', 'No', '34591', '152', '125', '0'),
(2160, '156', 'Female', '49', '1', '28', '0', '1-2 Year', 'Yes', '32771', '154', '29', '0'),
(2161, '157', 'Female', '41', '1', '28', '0', '1-2 Year', 'Yes', '54740', '124', '212', '1'),
(2162, '158', 'Male', '41', '1', '35', '0', '1-2 Year', 'Yes', '25112', '154', '221', '0'),
(2163, '159', 'Female', '23', '1', '47', '0', '< 1 Year', 'Yes', '28737', '152', '18', '0'),
(2164, '160', 'Female', '31', '1', '15', '1', '< 1 Year', 'No', '25908', '152', '84', '0'),
(2165, '161', 'Male', '20', '1', '3', '1', '< 1 Year', 'No', '41914', '160', '206', '0'),
(2166, '162', 'Male', '70', '1', '25', '1', '1-2 Year', 'No', '2630', '124', '230', '0'),
(2167, '163', 'Male', '78', '1', '28', '1', '1-2 Year', 'No', '42462', '26', '54', '0'),
(2168, '164', 'Female', '31', '1', '28', '1', '1-2 Year', 'No', '29395', '26', '123', '0'),
(2169, '165', 'Female', '48', '1', '36', '1', '1-2 Year', 'No', '2630', '124', '189', '0'),
(2170, '166', 'Male', '25', '1', '30', '1', '< 1 Year', 'No', '29396', '152', '22', '0'),
(2171, '167', 'Female', '28', '1', '44', '0', '1-2 Year', 'Yes', '37570', '156', '258', '1'),
(2172, '168', 'Female', '26', '1', '8', '0', '< 1 Year', 'Yes', '89282', '152', '101', '0'),
(2173, '169', 'Female', '60', '1', '28', '1', '1-2 Year', 'No', '30386', '26', '114', '0'),
(2174, '170', 'Female', '28', '1', '8', '1', '< 1 Year', 'No', '31454', '152', '86', '0'),
(2175, '171', 'Male', '23', '1', '36', '1', '< 1 Year', 'No', '52462', '152', '243', '0'),
(2176, '172', 'Male', '22', '1', '36', '1', '< 1 Year', 'No', '36352', '152', '13', '0'),
(2177, '173', 'Female', '50', '1', '28', '0', '1-2 Year', 'Yes', '36282', '26', '237', '0'),
(2178, '174', 'Female', '33', '1', '36', '1', '< 1 Year', 'No', '40899', '152', '85', '0'),
(2179, '175', 'Male', '24', '1', '35', '1', '< 1 Year', 'No', '23540', '152', '98', '0'),
(2180, '176', 'Female', '22', '1', '36', '1', '< 1 Year', 'No', '34527', '152', '67', '0'),
(2181, '177', 'Male', '25', '1', '28', '1', '< 1 Year', 'No', '101021', '152', '49', '0'),
(2182, '178', 'Male', '60', '1', '45', '0', '1-2 Year', 'No', '42888', '124', '229', '0'),
(2183, '179', 'Male', '46', '1', '28', '0', '1-2 Year', 'Yes', '60478', '26', '128', '1'),
(2184, '180', 'Female', '45', '1', '46', '0', '1-2 Year', 'Yes', '22689', '26', '95', '0'),
(2185, '181', 'Male', '30', '1', '28', '1', '1-2 Year', 'No', '40167', '125', '264', '0'),
(2186, '182', 'Male', '52', '1', '0', '0', '1-2 Year', 'Yes', '2630', '124', '89', '0'),
(2187, '183', 'Male', '47', '1', '15', '1', '1-2 Year', 'No', '29306', '14', '99', '0'),
(2188, '184', 'Male', '59', '1', '41', '1', '1-2 Year', 'No', '28821', '26', '29', '0'),
(2189, '185', 'Female', '51', '1', '28', '0', '1-2 Year', 'Yes', '57008', '26', '208', '0'),
(2190, '186', 'Male', '52', '1', '0', '1', '1-2 Year', 'No', '2630', '26', '134', '0'),
(2191, '187', 'Male', '48', '1', '8', '0', '> 2 Years', 'Yes', '44021', '124', '135', '0'),
(2192, '188', 'Male', '42', '1', '37', '0', '1-2 Year', 'Yes', '36532', '124', '268', '0'),
(2193, '189', 'Female', '45', '1', '28', '0', '1-2 Year', 'Yes', '25604', '26', '85', '0'),
(2194, '190', 'Female', '27', '1', '11', '1', '1-2 Year', 'No', '26756', '124', '254', '0'),
(2195, '191', 'Female', '28', '1', '8', '1', '< 1 Year', 'No', '37731', '152', '30', '0'),
(2196, '192', 'Female', '24', '1', '16', '1', '< 1 Year', 'No', '28190', '152', '284', '0'),
(2197, '193', 'Male', '32', '1', '46', '1', '< 1 Year', 'No', '23847', '152', '183', '0'),
(2198, '194', 'Male', '21', '1', '47', '0', '< 1 Year', 'No', '37028', '160', '119', '0'),
(2199, '195', 'Male', '39', '1', '28', '1', '1-2 Year', 'No', '29468', '26', '166', '0'),
(2200, '196', 'Male', '55', '1', '30', '1', '1-2 Year', 'No', '29215', '26', '226', '0'),
(2201, '197', 'Female', '56', '1', '15', '0', '1-2 Year', 'No', '29132', '154', '229', '0'),
(2202, '198', 'Male', '42', '1', '3', '0', '1-2 Year', 'Yes', '32293', '124', '105', '1'),
(2203, '199', 'Female', '26', '1', '26', '1', '< 1 Year', 'No', '2630', '152', '142', '0'),
(2204, '200', 'Female', '42', '1', '28', '0', '1-2 Year', 'Yes', '40613', '124', '242', '0'),
(2205, '201', 'Male', '55', '1', '28', '0', '1-2 Year', 'Yes', '49470', '124', '203', '0'),
(2206, '202', 'Female', '41', '1', '28', '0', '1-2 Year', 'Yes', '22561', '124', '207', '1'),
(2207, '203', 'Male', '22', '1', '11', '1', '< 1 Year', 'No', '21126', '152', '272', '0'),
(2208, '204', 'Male', '42', '1', '8', '0', '1-2 Year', 'No', '24224', '154', '66', '0'),
(2209, '205', 'Female', '30', '1', '28', '0', '< 1 Year', 'Yes', '39104', '122', '263', '1'),
(2210, '206', 'Male', '21', '1', '30', '0', '< 1 Year', 'Yes', '26720', '160', '64', '0'),
(2211, '207', 'Female', '23', '1', '46', '1', '< 1 Year', 'No', '18682', '152', '57', '0'),
(2212, '208', 'Female', '21', '1', '6', '0', '< 1 Year', 'Yes', '19196', '152', '40', '0'),
(2213, '209', 'Male', '24', '1', '6', '1', '< 1 Year', 'No', '18576', '151', '245', '0'),
(2214, '210', 'Male', '26', '1', '37', '0', '< 1 Year', 'Yes', '57159', '160', '163', '0'),
(2215, '211', 'Female', '48', '1', '28', '1', '1-2 Year', 'No', '35945', '124', '24', '0'),
(2216, '212', 'Male', '45', '1', '28', '0', '1-2 Year', 'Yes', '33205', '26', '243', '0'),
(2217, '213', 'Male', '44', '1', '28', '0', '> 2 Years', 'Yes', '42754', '124', '23', '1'),
(2218, '214', 'Male', '42', '1', '45', '0', '1-2 Year', 'No', '28759', '25', '102', '0'),
(2219, '215', 'Male', '44', '1', '2', '0', '1-2 Year', 'No', '34618', '26', '265', '0'),
(2220, '216', 'Female', '25', '1', '9', '0', '< 1 Year', 'No', '34280', '160', '202', '0'),
(2221, '217', 'Female', '60', '1', '28', '0', '> 2 Years', 'Yes', '65472', '26', '36', '0'),
(2222, '218', 'Female', '21', '1', '46', '0', '< 1 Year', 'Yes', '33245', '152', '259', '0'),
(2223, '219', 'Male', '22', '1', '15', '0', '< 1 Year', 'Yes', '32252', '160', '100', '0'),
(2224, '220', 'Male', '23', '1', '41', '1', '< 1 Year', 'No', '26285', '152', '91', '0'),
(2225, '221', 'Female', '44', '1', '28', '1', '1-2 Year', 'No', '2630', '124', '114', '0'),
(2226, '222', 'Male', '40', '1', '20', '0', '1-2 Year', 'Yes', '2630', '26', '204', '0'),
(2227, '223', 'Male', '21', '1', '27', '1', '< 1 Year', 'No', '45006', '160', '106', '0'),
(2228, '224', 'Female', '61', '1', '28', '0', '> 2 Years', 'Yes', '2630', '157', '190', '1'),
(2229, '225', 'Male', '75', '1', '28', '0', '> 2 Years', 'Yes', '40765', '124', '162', '0'),
(2230, '226', 'Female', '53', '1', '28', '1', '1-2 Year', 'No', '44313', '61', '33', '0'),
(2231, '227', 'Male', '37', '1', '8', '1', '1-2 Year', 'No', '29099', '152', '194', '0'),
(2232, '228', 'Male', '29', '1', '28', '1', '< 1 Year', 'No', '44742', '152', '85', '0'),
(2233, '229', 'Male', '32', '1', '50', '0', '< 1 Year', 'No', '2630', '1', '287', '0'),
(2234, '230', 'Female', '64', '1', '28', '1', '1-2 Year', 'Yes', '41697', '26', '287', '0'),
(2235, '231', 'Male', '42', '1', '31', '0', '1-2 Year', 'Yes', '2630', '124', '181', '0'),
(2236, '232', 'Male', '24', '1', '47', '0', '< 1 Year', 'Yes', '36414', '124', '292', '0'),
(2237, '233', 'Male', '53', '1', '0', '0', '1-2 Year', 'Yes', '2630', '26', '69', '0'),
(2238, '234', 'Male', '62', '1', '15', '0', '1-2 Year', 'No', '44679', '86', '239', '0'),
(2239, '235', 'Male', '25', '1', '46', '1', '< 1 Year', 'No', '39914', '152', '235', '0'),
(2240, '236', 'Male', '23', '1', '39', '0', '< 1 Year', 'Yes', '29575', '152', '281', '1'),
(2241, '237', 'Female', '48', '1', '33', '0', '1-2 Year', 'Yes', '44724', '154', '132', '0'),
(2242, '238', 'Male', '28', '1', '15', '1', '< 1 Year', 'No', '38339', '152', '245', '0'),
(2243, '239', 'Male', '33', '1', '3', '1', '1-2 Year', 'No', '27609', '152', '255', '0'),
(2244, '240', 'Female', '63', '1', '28', '0', '> 2 Years', 'Yes', '31004', '26', '281', '0'),
(2245, '241', 'Male', '22', '1', '46', '1', '< 1 Year', 'No', '30745', '152', '147', '0'),
(2246, '242', 'Male', '27', '1', '3', '1', '< 1 Year', 'No', '27181', '152', '125', '0'),
(2247, '243', 'Female', '36', '1', '28', '0', '1-2 Year', 'Yes', '40431', '124', '230', '0'),
(2248, '244', 'Male', '49', '1', '28', '0', '1-2 Year', 'Yes', '45558', '26', '49', '0'),
(2249, '245', 'Female', '39', '1', '46', '0', '1-2 Year', 'No', '35145', '26', '116', '0'),
(2250, '246', 'Female', '21', '1', '11', '0', '< 1 Year', 'Yes', '35555', '152', '242', '1'),
(2251, '247', 'Female', '57', '1', '46', '0', '1-2 Year', 'Yes', '30777', '26', '158', '0'),
(2252, '248', 'Female', '43', '1', '28', '0', '1-2 Year', 'Yes', '29578', '31', '203', '1'),
(2253, '249', 'Female', '25', '1', '27', '0', '< 1 Year', 'No', '2630', '152', '167', '0'),
(2254, '250', 'Male', '41', '1', '11', '1', '1-2 Year', 'No', '35614', '26', '152', '0'),
(2255, '251', 'Male', '33', '1', '31', '1', '< 1 Year', 'No', '2630', '152', '259', '0'),
(2256, '252', 'Male', '23', '1', '12', '1', '< 1 Year', 'No', '24886', '26', '111', '0'),
(2257, '253', 'Female', '20', '1', '34', '0', '< 1 Year', 'Yes', '33247', '160', '281', '0'),
(2258, '254', 'Male', '36', '1', '28', '1', '1-2 Year', 'No', '47682', '124', '121', '0'),
(2259, '255', 'Male', '21', '1', '13', '1', '< 1 Year', 'No', '37710', '152', '30', '0'),
(2260, '256', 'Female', '57', '1', '28', '0', '> 2 Years', 'Yes', '2630', '26', '71', '0'),
(2261, '257', 'Male', '25', '1', '28', '1', '< 1 Year', 'No', '43516', '152', '150', '0'),
(2262, '258', 'Female', '24', '1', '46', '0', '< 1 Year', 'Yes', '27141', '152', '246', '0'),
(2263, '259', 'Male', '67', '1', '28', '1', '1-2 Year', 'No', '31011', '122', '63', '0'),
(2264, '260', 'Male', '24', '1', '13', '1', '< 1 Year', 'No', '44603', '152', '207', '0'),
(2265, '261', 'Male', '54', '1', '28', '0', '1-2 Year', 'Yes', '34367', '124', '237', '1'),
(2266, '262', 'Female', '22', '1', '12', '1', '< 1 Year', 'No', '29823', '152', '128', '0'),
(2267, '263', 'Male', '45', '1', '30', '1', '1-2 Year', 'No', '2630', '26', '121', '0'),
(2268, '264', 'Male', '22', '1', '36', '1', '< 1 Year', 'No', '2630', '152', '60', '0'),
(2269, '265', 'Male', '24', '1', '28', '0', '< 1 Year', 'Yes', '21583', '152', '143', '0'),
(2270, '266', 'Female', '22', '1', '11', '1', '< 1 Year', 'No', '32234', '152', '117', '0'),
(2271, '267', 'Male', '48', '1', '28', '0', '1-2 Year', 'Yes', '42028', '26', '77', '0'),
(2272, '268', 'Female', '28', '1', '21', '1', '< 1 Year', 'No', '26106', '152', '95', '0'),
(2273, '269', 'Female', '27', '1', '50', '0', '< 1 Year', 'Yes', '2630', '160', '83', '0'),
(2274, '270', 'Male', '49', '1', '46', '1', '1-2 Year', 'No', '2630', '30', '198', '0'),
(2275, '271', 'Male', '62', '1', '8', '0', '1-2 Year', 'Yes', '47272', '26', '194', '0'),
(2276, '272', 'Male', '45', '1', '28', '0', '1-2 Year', 'Yes', '42704', '26', '116', '0'),
(2277, '273', 'Female', '60', '1', '6', '0', '1-2 Year', 'Yes', '2630', '157', '143', '0'),
(2278, '274', 'Female', '20', '1', '17', '0', '1-2 Year', 'No', '2630', '156', '181', '0'),
(2279, '275', 'Female', '38', '1', '10', '0', '1-2 Year', 'Yes', '37039', '124', '103', '0'),
(2280, '276', 'Female', '52', '1', '31', '0', '1-2 Year', 'Yes', '2630', '26', '127', '0'),
(2281, '277', 'Female', '36', '1', '15', '0', '1-2 Year', 'Yes', '2630', '26', '69', '1'),
(2282, '278', 'Male', '55', '1', '28', '0', '> 2 Years', 'Yes', '41246', '26', '285', '0'),
(2283, '279', 'Female', '20', '1', '35', '0', '< 1 Year', 'Yes', '34281', '160', '214', '0'),
(2284, '280', 'Male', '25', '1', '28', '1', '< 1 Year', 'No', '47031', '26', '151', '0'),
(2285, '281', 'Male', '25', '1', '39', '0', '< 1 Year', 'No', '2630', '152', '217', '0'),
(2286, '282', 'Female', '54', '1', '41', '0', '1-2 Year', 'Yes', '53581', '124', '199', '1'),
(2287, '283', 'Female', '21', '1', '14', '1', '< 1 Year', 'No', '36712', '152', '56', '0'),
(2288, '284', 'Male', '40', '1', '48', '0', '> 2 Years', 'Yes', '2630', '26', '86', '0'),
(2289, '285', 'Male', '36', '1', '28', '0', '1-2 Year', 'Yes', '34165', '124', '143', '0'),
(2290, '286', 'Male', '42', '1', '15', '0', '1-2 Year', 'Yes', '28883', '26', '66', '0'),
(2291, '287', 'Male', '24', '1', '10', '1', '< 1 Year', 'No', '35443', '152', '45', '0'),
(2292, '288', 'Male', '39', '1', '28', '0', '1-2 Year', 'Yes', '32807', '157', '186', '0'),
(2293, '289', 'Male', '26', '1', '10', '0', '< 1 Year', 'Yes', '24115', '152', '69', '0'),
(2294, '290', 'Male', '64', '1', '8', '0', '1-2 Year', 'Yes', '2630', '124', '293', '0'),
(2295, '291', 'Female', '25', '1', '47', '1', '< 1 Year', 'No', '2630', '160', '299', '0'),
(2296, '292', 'Female', '22', '1', '13', '1', '< 1 Year', 'No', '37093', '152', '66', '0'),
(2297, '293', 'Female', '43', '1', '3', '0', '1-2 Year', 'Yes', '31020', '26', '59', '1'),
(2298, '294', 'Female', '28', '1', '6', '1', '< 1 Year', 'No', '18683', '152', '215', '0'),
(2299, '295', 'Male', '22', '1', '13', '1', '< 1 Year', 'No', '33413', '152', '104', '0'),
(2300, '296', 'Female', '26', '1', '16', '0', '< 1 Year', 'Yes', '32232', '152', '238', '0'),
(2301, '297', 'Female', '22', '1', '46', '0', '< 1 Year', 'Yes', '31180', '152', '120', '0'),
(2302, '298', 'Male', '60', '1', '8', '0', '1-2 Year', 'Yes', '2630', '124', '21', '0'),
(2303, '299', 'Female', '49', '1', '31', '0', '1-2 Year', 'Yes', '2630', '124', '32', '1'),
(2304, '300', 'Male', '22', '1', '21', '1', '< 1 Year', 'No', '30893', '152', '29', '0'),
(2305, '301', 'Male', '21', '1', '29', '1', '< 1 Year', 'No', '43798', '152', '258', '0'),
(2306, '302', 'Male', '67', '1', '28', '0', '1-2 Year', 'Yes', '32653', '124', '171', '0'),
(2307, '303', 'Female', '35', '1', '28', '0', '1-2 Year', 'Yes', '41662', '150', '223', '0'),
(2308, '304', 'Female', '24', '1', '33', '1', '< 1 Year', 'No', '20513', '152', '270', '0'),
(2309, '305', 'Male', '24', '1', '11', '1', '< 1 Year', 'No', '27771', '152', '233', '0'),
(2310, '306', 'Male', '24', '1', '15', '1', '< 1 Year', 'No', '23267', '152', '143', '0'),
(2311, '307', 'Female', '28', '1', '41', '1', '< 1 Year', 'No', '37948', '152', '211', '0'),
(2312, '308', 'Female', '24', '1', '30', '1', '< 1 Year', 'No', '24414', '152', '149', '0'),
(2313, '309', 'Male', '71', '1', '28', '0', '1-2 Year', 'Yes', '42881', '124', '105', '0'),
(2314, '310', 'Male', '26', '1', '35', '1', '< 1 Year', 'No', '51047', '152', '165', '0'),
(2315, '311', 'Female', '45', '1', '28', '0', '> 2 Years', 'Yes', '73929', '157', '86', '0'),
(2316, '312', 'Female', '59', '1', '39', '0', '1-2 Year', 'Yes', '44630', '124', '200', '0'),
(2317, '313', 'Female', '26', '1', '28', '1', '< 1 Year', 'No', '44082', '152', '197', '0'),
(2318, '314', 'Female', '24', '1', '46', '1', '< 1 Year', 'No', '21006', '152', '11', '0'),
(2319, '315', 'Male', '42', '1', '8', '0', '1-2 Year', 'Yes', '35600', '124', '213', '0'),
(2320, '316', 'Male', '20', '1', '12', '0', '< 1 Year', 'Yes', '82705', '160', '49', '0'),
(2321, '317', 'Male', '54', '1', '6', '1', '1-2 Year', 'No', '24515', '124', '93', '0'),
(2322, '318', 'Male', '48', '1', '8', '1', '1-2 Year', 'No', '41483', '124', '113', '0'),
(2323, '319', 'Male', '59', '1', '41', '0', '1-2 Year', 'Yes', '2630', '156', '88', '0'),
(2324, '320', 'Male', '43', '1', '5', '1', '1-2 Year', 'Yes', '2630', '124', '178', '0'),
(2325, '321', 'Female', '40', '1', '29', '0', '1-2 Year', 'Yes', '2630', '157', '77', '0'),
(2326, '322', 'Male', '77', '1', '50', '1', '1-2 Year', 'No', '42327', '124', '10', '0'),
(2327, '323', 'Female', '22', '1', '28', '0', '< 1 Year', 'Yes', '48276', '152', '290', '0'),
(2328, '324', 'Female', '35', '1', '28', '0', '1-2 Year', 'Yes', '41029', '125', '94', '0'),
(2329, '325', 'Male', '24', '1', '8', '1', '< 1 Year', 'No', '35981', '152', '231', '0'),
(2330, '326', 'Female', '24', '1', '33', '1', '< 1 Year', 'No', '32219', '152', '45', '0'),
(2331, '327', 'Female', '26', '1', '47', '1', '< 1 Year', 'No', '2630', '152', '296', '0'),
(2332, '328', 'Male', '26', '1', '30', '1', '< 1 Year', 'No', '2630', '152', '270', '0'),
(2333, '329', 'Male', '39', '1', '28', '0', '1-2 Year', 'Yes', '38036', '157', '10', '0'),
(2334, '330', 'Female', '52', '1', '45', '0', '1-2 Year', 'Yes', '23918', '26', '265', '0'),
(2335, '331', 'Male', '20', '1', '28', '1', '< 1 Year', 'No', '31367', '160', '255', '0'),
(2336, '332', 'Male', '69', '1', '28', '0', '1-2 Year', 'Yes', '30727', '122', '47', '0'),
(2337, '333', 'Female', '28', '1', '46', '1', '< 1 Year', 'No', '41526', '160', '122', '0'),
(2338, '334', 'Male', '44', '1', '28', '0', '1-2 Year', 'Yes', '30427', '124', '237', '1'),
(2339, '335', 'Female', '22', '1', '8', '1', '< 1 Year', 'No', '48773', '152', '217', '0'),
(2340, '336', 'Male', '20', '1', '29', '1', '1-2 Year', 'No', '2630', '157', '271', '0'),
(2341, '337', 'Male', '21', '1', '8', '1', '< 1 Year', 'No', '27076', '160', '278', '0'),
(2342, '338', 'Male', '23', '1', '18', '1', '< 1 Year', 'No', '35970', '26', '16', '0'),
(2343, '339', 'Male', '36', '1', '8', '0', '1-2 Year', 'Yes', '30941', '26', '249', '0'),
(2344, '340', 'Female', '69', '1', '28', '0', '1-2 Year', 'Yes', '32400', '26', '189', '1'),
(2345, '341', 'Male', '27', '1', '15', '0', '< 1 Year', 'Yes', '33845', '152', '260', '0'),
(2346, '342', 'Male', '47', '1', '41', '1', '1-2 Year', 'No', '36809', '26', '226', '0'),
(2347, '343', 'Female', '49', '1', '28', '0', '1-2 Year', 'Yes', '48505', '124', '271', '0'),
(2348, '344', 'Male', '25', '1', '25', '1', '< 1 Year', 'No', '32856', '152', '275', '0'),
(2349, '345', 'Female', '21', '1', '29', '1', '< 1 Year', 'No', '29166', '152', '278', '0'),
(2350, '346', 'Male', '42', '1', '38', '0', '1-2 Year', 'Yes', '34193', '156', '116', '1'),
(2351, '347', 'Male', '22', '1', '37', '0', '< 1 Year', 'Yes', '38240', '152', '221', '1'),
(2352, '348', 'Female', '42', '1', '28', '0', '1-2 Year', 'Yes', '39977', '124', '276', '0'),
(2353, '349', 'Female', '31', '1', '28', '0', '1-2 Year', 'Yes', '39423', '124', '190', '0'),
(2354, '350', 'Female', '60', '1', '36', '1', '1-2 Year', 'Yes', '36638', '124', '33', '0'),
(2355, '351', 'Male', '46', '1', '29', '0', '1-2 Year', 'Yes', '28946', '124', '64', '0'),
(2356, '352', 'Female', '23', '1', '46', '1', '< 1 Year', 'No', '2630', '152', '88', '0'),
(2357, '353', 'Female', '22', '1', '30', '1', '< 1 Year', 'No', '18202', '152', '107', '0'),
(2358, '354', 'Male', '20', '1', '8', '1', '< 1 Year', 'No', '38076', '160', '79', '0'),
(2359, '355', 'Male', '57', '1', '28', '0', '1-2 Year', 'Yes', '19618', '122', '96', '1'),
(2360, '356', 'Female', '29', '1', '28', '1', '< 1 Year', 'No', '27715', '152', '93', '0'),
(2361, '357', 'Male', '22', '1', '46', '1', '< 1 Year', 'Yes', '28311', '152', '240', '0'),
(2362, '358', 'Female', '22', '1', '36', '0', '< 1 Year', 'Yes', '2630', '152', '211', '0'),
(2363, '359', 'Male', '43', '1', '28', '0', '1-2 Year', 'Yes', '39495', '124', '172', '1'),
(2364, '360', 'Male', '54', '1', '15', '0', '1-2 Year', 'Yes', '35116', '124', '171', '1'),
(2365, '361', 'Male', '44', '1', '28', '0', '1-2 Year', 'Yes', '39450', '124', '214', '0'),
(2366, '362', 'Female', '23', '1', '8', '1', '< 1 Year', 'No', '42644', '152', '257', '0'),
(2367, '363', 'Female', '50', '1', '28', '0', '1-2 Year', 'Yes', '68147', '30', '218', '0'),
(2368, '364', 'Male', '50', '1', '28', '1', '1-2 Year', 'No', '42024', '122', '224', '0'),
(2369, '365', 'Female', '44', '1', '41', '0', '1-2 Year', 'Yes', '30875', '124', '173', '0'),
(2370, '366', 'Male', '22', '1', '46', '1', '< 1 Year', 'No', '25037', '152', '220', '0'),
(2371, '367', 'Male', '31', '1', '24', '0', '1-2 Year', 'Yes', '2630', '156', '257', '0'),
(2372, '368', 'Female', '20', '1', '12', '0', '< 1 Year', 'Yes', '2630', '160', '203', '0'),
(2373, '369', 'Male', '52', '1', '30', '1', '< 1 Year', 'No', '2630', '1', '152', '0'),
(2374, '370', 'Male', '58', '1', '28', '1', '1-2 Year', 'No', '44522', '23', '94', '0'),
(2375, '371', 'Male', '59', '1', '49', '0', '1-2 Year', 'Yes', '39971', '124', '143', '0'),
(2376, '372', 'Female', '25', '1', '8', '1', '< 1 Year', 'No', '42307', '152', '213', '0'),
(2377, '373', 'Male', '45', '1', '28', '0', '> 2 Years', 'Yes', '49145', '122', '222', '1'),
(2378, '374', 'Male', '44', '1', '46', '1', '1-2 Year', 'No', '50696', '26', '193', '0'),
(2379, '375', 'Female', '38', '1', '29', '0', '1-2 Year', 'Yes', '47639', '122', '169', '0'),
(2380, '376', 'Male', '38', '1', '28', '0', '1-2 Year', 'Yes', '65212', '124', '32', '0'),
(2381, '377', 'Male', '23', '1', '27', '1', '< 1 Year', 'No', '26287', '160', '199', '0'),
(2382, '378', 'Female', '78', '1', '46', '1', '1-2 Year', 'No', '31616', '11', '185', '0'),
(2383, '379', 'Male', '20', '1', '35', '1', '< 1 Year', 'No', '2630', '160', '81', '0'),
(2384, '380', 'Male', '25', '1', '11', '0', '< 1 Year', 'No', '38081', '152', '132', '0'),
(2385, '381', 'Male', '47', '1', '28', '1', '1-2 Year', 'No', '31269', '124', '213', '0'),
(2386, '382', 'Male', '66', '1', '31', '0', '> 2 Years', 'Yes', '2630', '26', '90', '0'),
(2387, '383', 'Female', '55', '1', '28', '0', '> 2 Years', 'Yes', '49146', '26', '190', '1'),
(2388, '384', 'Female', '24', '1', '8', '0', '< 1 Year', 'Yes', '54408', '152', '86', '0'),
(2389, '385', 'Male', '26', '1', '8', '1', '< 1 Year', 'No', '54203', '152', '81', '0'),
(2390, '386', 'Female', '22', '1', '28', '1', '< 1 Year', 'No', '38452', '26', '51', '0'),
(2391, '387', 'Female', '34', '1', '28', '0', '1-2 Year', 'No', '46685', '124', '205', '0'),
(2392, '388', 'Male', '66', '1', '28', '0', '1-2 Year', 'No', '42644', '122', '80', '0'),
(2393, '389', 'Female', '44', '1', '28', '0', '1-2 Year', 'Yes', '45485', '122', '245', '0'),
(2394, '390', 'Male', '21', '1', '13', '0', '< 1 Year', 'Yes', '28733', '152', '70', '0'),
(2395, '391', 'Male', '20', '1', '46', '0', '< 1 Year', 'Yes', '49211', '160', '284', '0'),
(2396, '392', 'Male', '22', '1', '50', '1', '< 1 Year', 'No', '36287', '152', '70', '0'),
(2397, '393', 'Female', '25', '1', '37', '0', '< 1 Year', 'Yes', '2630', '152', '249', '0'),
(2398, '394', 'Female', '49', '1', '29', '0', '1-2 Year', 'No', '2630', '156', '265', '0'),
(2399, '395', 'Male', '50', '1', '31', '0', '1-2 Year', 'Yes', '2630', '124', '237', '0'),
(2400, '396', 'Male', '75', '1', '8', '1', '1-2 Year', 'No', '2630', '26', '11', '0'),
(2401, '397', 'Male', '31', '1', '28', '0', '< 1 Year', 'Yes', '32883', '26', '132', '0'),
(2402, '398', 'Male', '21', '1', '28', '0', '< 1 Year', 'No', '2630', '152', '186', '0'),
(2403, '399', 'Female', '47', '1', '15', '0', '1-2 Year', 'Yes', '2630', '14', '166', '0'),
(2404, '400', 'Male', '59', '1', '28', '0', '1-2 Year', 'Yes', '44233', '124', '160', '1'),
(2405, '401', 'Male', '23', '1', '47', '0', '< 1 Year', 'Yes', '25080', '152', '277', '1'),
(2406, '402', 'Male', '65', '1', '28', '0', '1-2 Year', 'Yes', '90789', '26', '186', '1'),
(2407, '403', 'Female', '27', '1', '33', '0', '< 1 Year', 'Yes', '2630', '152', '125', '0'),
(2408, '404', 'Male', '49', '1', '28', '0', '1-2 Year', 'Yes', '37214', '26', '158', '1'),
(2409, '405', 'Male', '51', '1', '28', '0', '1-2 Year', 'Yes', '37690', '26', '34', '0'),
(2410, '406', 'Female', '66', '1', '47', '0', '1-2 Year', 'Yes', '34757', '26', '92', '0'),
(2411, '407', 'Male', '45', '1', '28', '0', '1-2 Year', 'No', '42620', '124', '245', '0'),
(2412, '408', 'Female', '45', '1', '35', '1', '1-2 Year', 'No', '2630', '26', '200', '0'),
(2413, '409', 'Female', '68', '1', '30', '1', '1-2 Year', 'No', '2630', '160', '218', '0'),
(2414, '410', 'Male', '47', '1', '28', '0', '> 2 Years', 'Yes', '33145', '124', '237', '0'),
(2415, '411', 'Male', '28', '1', '6', '0', '1-2 Year', 'Yes', '31181', '124', '282', '0'),
(2416, '412', 'Female', '25', '1', '40', '0', '< 1 Year', 'Yes', '39361', '152', '104', '0'),
(2417, '413', 'Female', '51', '1', '28', '0', '> 2 Years', 'Yes', '33632', '124', '137', '0'),
(2418, '414', 'Female', '24', '1', '6', '1', '< 1 Year', 'No', '29371', '152', '168', '0'),
(2419, '415', 'Female', '25', '1', '43', '1', '< 1 Year', 'No', '27080', '160', '177', '0'),
(2420, '416', 'Female', '24', '1', '43', '0', '< 1 Year', 'Yes', '29981', '152', '185', '0'),
(2421, '417', 'Male', '41', '1', '21', '0', '1-2 Year', 'Yes', '29440', '157', '87', '1'),
(2422, '418', 'Male', '29', '1', '46', '0', '< 1 Year', 'Yes', '2630', '152', '118', '0'),
(2423, '419', 'Female', '22', '1', '46', '1', '< 1 Year', 'No', '31506', '160', '113', '0'),
(2424, '420', 'Female', '38', '1', '38', '1', '1-2 Year', 'No', '37379', '124', '158', '0'),
(2425, '421', 'Female', '26', '1', '8', '1', '< 1 Year', 'No', '22650', '152', '181', '0'),
(2426, '422', 'Male', '23', '1', '6', '1', '< 1 Year', 'No', '24308', '152', '256', '0'),
(2427, '423', 'Female', '36', '1', '46', '0', '< 1 Year', 'Yes', '2630', '1', '94', '0'),
(2428, '424', 'Female', '37', '1', '28', '0', '1-2 Year', 'Yes', '20267', '152', '88', '0'),
(2429, '425', 'Female', '21', '1', '8', '1', '< 1 Year', 'Yes', '46704', '152', '99', '0'),
(2430, '426', 'Female', '24', '1', '13', '0', '< 1 Year', 'Yes', '2630', '151', '19', '0'),
(2431, '427', 'Male', '22', '1', '46', '1', '< 1 Year', 'No', '23810', '152', '220', '0'),
(2432, '428', 'Male', '54', '1', '28', '1', '1-2 Year', 'No', '34431', '124', '288', '0'),
(2433, '429', 'Female', '21', '1', '34', '0', '1-2 Year', 'Yes', '36314', '163', '86', '1'),
(2434, '430', 'Female', '44', '1', '28', '0', '1-2 Year', 'Yes', '119735', '152', '295', '0'),
(2435, '431', 'Male', '48', '1', '8', '0', '1-2 Year', 'Yes', '42100', '124', '247', '1'),
(2436, '432', 'Male', '42', '1', '11', '0', '1-2 Year', 'Yes', '40473', '124', '46', '0'),
(2437, '433', 'Female', '45', '1', '28', '0', '1-2 Year', 'Yes', '27616', '26', '134', '0'),
(2438, '434', 'Male', '25', '1', '16', '1', '< 1 Year', 'No', '2630', '152', '178', '0'),
(2439, '435', 'Male', '76', '1', '15', '1', '1-2 Year', 'No', '39952', '14', '126', '0'),
(2440, '436', 'Male', '64', '1', '28', '0', '1-2 Year', 'Yes', '42417', '60', '116', '0'),
(2441, '437', 'Male', '29', '1', '8', '0', '< 1 Year', 'Yes', '42992', '124', '241', '0'),
(2442, '438', 'Female', '28', '1', '14', '1', '< 1 Year', 'No', '27555', '152', '258', '0'),
(2443, '439', 'Female', '24', '1', '46', '1', '< 1 Year', 'No', '25784', '152', '128', '0'),
(2444, '440', 'Female', '49', '1', '8', '0', '1-2 Year', 'Yes', '38022', '124', '197', '0'),
(2445, '441', 'Male', '53', '1', '39', '0', '1-2 Year', 'Yes', '2630', '157', '83', '0'),
(2446, '442', 'Female', '67', '1', '29', '0', '1-2 Year', 'Yes', '43753', '124', '30', '1'),
(2447, '443', 'Male', '54', '1', '33', '0', '1-2 Year', 'Yes', '39396', '124', '295', '0'),
(2448, '444', 'Female', '25', '1', '23', '1', '< 1 Year', 'No', '2630', '152', '228', '0'),
(2449, '445', 'Female', '21', '1', '30', '1', '< 1 Year', 'No', '24030', '152', '82', '0'),
(2450, '446', 'Female', '39', '1', '28', '0', '1-2 Year', 'Yes', '33016', '124', '74', '0'),
(2451, '447', 'Male', '54', '1', '35', '0', '1-2 Year', 'Yes', '26629', '26', '113', '1'),
(2452, '448', 'Female', '24', '1', '32', '0', '< 1 Year', 'Yes', '2630', '152', '107', '0'),
(2453, '449', 'Female', '23', '1', '2', '1', '< 1 Year', 'No', '24881', '152', '247', '0'),
(2454, '450', 'Male', '33', '1', '15', '1', '< 1 Year', 'No', '2630', '152', '190', '0'),
(2455, '451', 'Female', '23', '1', '37', '0', '< 1 Year', 'Yes', '21214', '152', '126', '1'),
(2456, '452', 'Female', '23', '1', '21', '0', '< 1 Year', 'Yes', '24388', '152', '270', '0'),
(2457, '453', 'Male', '47', '1', '46', '1', '1-2 Year', 'No', '2630', '21', '270', '0'),
(2458, '454', 'Male', '63', '1', '28', '0', '1-2 Year', 'Yes', '44879', '124', '85', '0'),
(2459, '455', 'Female', '27', '1', '10', '0', '< 1 Year', 'Yes', '24453', '152', '152', '0'),
(2460, '456', 'Male', '49', '1', '8', '0', '1-2 Year', 'Yes', '41648', '124', '98', '0'),
(2461, '457', 'Male', '29', '1', '28', '0', '< 1 Year', 'Yes', '40186', '160', '227', '0'),
(2462, '458', 'Male', '46', '1', '33', '0', '1-2 Year', 'Yes', '30866', '124', '77', '0'),
(2463, '459', 'Male', '33', '1', '11', '1', '< 1 Year', 'No', '35263', '152', '271', '0'),
(2464, '460', 'Male', '40', '1', '8', '1', '1-2 Year', 'No', '31839', '152', '165', '0'),
(2465, '461', 'Female', '30', '1', '49', '0', '< 1 Year', 'Yes', '27967', '152', '270', '0'),
(2466, '462', 'Male', '52', '1', '28', '0', '1-2 Year', 'Yes', '46090', '124', '217', '1'),
(2467, '463', 'Male', '23', '1', '35', '1', '< 1 Year', 'No', '27968', '152', '128', '0'),
(2468, '464', 'Male', '70', '1', '28', '0', '> 2 Years', 'Yes', '51565', '122', '115', '0'),
(2469, '465', 'Male', '24', '1', '2', '0', '< 1 Year', 'Yes', '26707', '152', '224', '0'),
(2470, '466', 'Male', '42', '1', '33', '0', '> 2 Years', 'Yes', '35187', '124', '107', '0'),
(2471, '467', 'Male', '70', '1', '8', '0', '1-2 Year', 'Yes', '46177', '26', '249', '0'),
(2472, '468', 'Female', '22', '1', '46', '0', '< 1 Year', 'Yes', '26118', '152', '46', '0'),
(2473, '469', 'Male', '70', '1', '7', '1', '1-2 Year', 'No', '65479', '124', '213', '0'),
(2474, '470', 'Female', '23', '1', '28', '1', '< 1 Year', 'No', '38010', '152', '177', '0'),
(2475, '471', 'Female', '74', '1', '28', '0', '> 2 Years', 'Yes', '30128', '26', '164', '1'),
(2476, '472', 'Female', '22', '1', '43', '0', '1-2 Year', 'Yes', '42589', '157', '236', '0'),
(2477, '473', 'Female', '66', '1', '28', '0', '1-2 Year', 'Yes', '30967', '26', '64', '0'),
(2478, '474', 'Female', '24', '1', '8', '0', '< 1 Year', 'Yes', '42636', '152', '155', '0'),
(2479, '475', 'Male', '40', '1', '28', '0', '1-2 Year', 'Yes', '37142', '124', '286', '0'),
(2480, '476', 'Male', '59', '1', '8', '1', '1-2 Year', 'No', '34424', '26', '134', '0'),
(2481, '477', 'Female', '23', '1', '27', '0', '< 1 Year', 'Yes', '27827', '151', '19', '0'),
(2482, '478', 'Male', '45', '1', '46', '0', '1-2 Year', 'Yes', '37726', '26', '186', '0'),
(2483, '479', 'Female', '22', '1', '44', '1', '< 1 Year', 'No', '37232', '152', '177', '0'),
(2484, '480', 'Male', '30', '1', '28', '0', '< 1 Year', 'Yes', '51429', '121', '119', '1'),
(2485, '481', 'Male', '73', '1', '29', '0', '> 2 Years', 'Yes', '104002', '3', '132', '0'),
(2486, '482', 'Female', '33', '1', '7', '0', '1-2 Year', 'No', '2630', '26', '103', '0'),
(2487, '483', 'Female', '25', '1', '2', '1', '< 1 Year', 'No', '28342', '152', '113', '0'),
(2488, '484', 'Female', '44', '1', '28', '0', '1-2 Year', 'Yes', '52593', '26', '30', '1'),
(2489, '485', 'Female', '36', '1', '8', '0', '1-2 Year', 'Yes', '63198', '26', '244', '1'),
(2490, '486', 'Male', '69', '1', '46', '1', '1-2 Year', 'No', '44679', '26', '293', '0'),
(2491, '487', 'Male', '79', '1', '45', '0', '1-2 Year', 'Yes', '21882', '124', '78', '0'),
(2492, '488', 'Female', '24', '1', '28', '1', '< 1 Year', 'No', '28036', '152', '108', '0'),
(2493, '489', 'Male', '72', '1', '8', '1', '1-2 Year', 'No', '36462', '26', '61', '0'),
(2494, '490', 'Female', '39', '1', '28', '0', '1-2 Year', 'Yes', '45387', '154', '59', '1'),
(2495, '491', 'Female', '62', '1', '28', '0', '1-2 Year', 'Yes', '31026', '124', '105', '0'),
(2496, '492', 'Male', '43', '1', '18', '0', '1-2 Year', 'Yes', '39225', '124', '268', '0'),
(2497, '493', 'Male', '29', '1', '37', '0', '1-2 Year', 'Yes', '2630', '154', '66', '0'),
(2498, '494', 'Female', '20', '1', '28', '1', '< 1 Year', 'Yes', '2630', '160', '120', '0'),
(2499, '495', 'Female', '27', '1', '46', '1', '< 1 Year', 'No', '28640', '152', '93', '0'),
(2500, '496', 'Male', '20', '1', '8', '0', '< 1 Year', 'Yes', '40115', '160', '292', '0'),
(2501, '497', 'Male', '22', '1', '35', '0', '< 1 Year', 'Yes', '30083', '152', '84', '0'),
(2502, '498', 'Male', '56', '1', '28', '0', '1-2 Year', 'Yes', '32018', '26', '183', '0'),
(2503, '499', 'Female', '28', '1', '50', '1', '< 1 Year', 'No', '26788', '152', '221', '0'),
(2504, '500', 'Male', '20', '1', '36', '1', '< 1 Year', 'No', '27397', '152', '13', '0'),
(2505, '501', 'Male', '23', '1', '21', '0', '< 1 Year', 'Yes', '33870', '152', '258', '0'),
(2506, '502', 'Female', '31', '1', '15', '1', '< 1 Year', 'No', '33444', '152', '233', '0'),
(2507, '503', 'Female', '31', '1', '15', '1', '< 1 Year', 'No', '40315', '152', '103', '0'),
(2508, '504', 'Female', '51', '1', '28', '0', '1-2 Year', 'Yes', '39214', '26', '15', '0'),
(2509, '505', 'Female', '23', '1', '37', '1', '< 1 Year', 'No', '41919', '152', '288', '0'),
(2510, '506', 'Male', '37', '1', '28', '0', '1-2 Year', 'Yes', '42207', '124', '135', '1'),
(2511, '507', 'Female', '25', '1', '28', '0', '< 1 Year', 'Yes', '92716', '152', '247', '0'),
(2512, '508', 'Female', '25', '1', '28', '1', '< 1 Year', 'No', '74371', '152', '295', '0'),
(2513, '509', 'Female', '22', '1', '28', '1', '< 1 Year', 'No', '58936', '152', '274', '0'),
(2514, '510', 'Female', '31', '1', '18', '1', '< 1 Year', 'No', '44945', '152', '201', '0'),
(2515, '511', 'Female', '22', '1', '46', '1', '< 1 Year', 'No', '36430', '152', '241', '0'),
(2516, '512', 'Male', '29', '1', '7', '1', '< 1 Year', 'No', '2630', '152', '59', '0'),
(2517, '513', 'Female', '38', '1', '45', '0', '1-2 Year', 'Yes', '2630', '156', '253', '0'),
(2518, '514', 'Female', '26', '1', '15', '1', '< 1 Year', 'No', '32553', '152', '97', '0'),
(2519, '515', 'Female', '22', '1', '37', '0', '< 1 Year', 'Yes', '32093', '152', '113', '1'),
(2520, '516', 'Female', '70', '1', '28', '0', '1-2 Year', 'Yes', '37783', '139', '102', '0'),
(2521, '517', 'Male', '58', '1', '28', '0', '1-2 Year', 'Yes', '41394', '124', '22', '0'),
(2522, '518', 'Male', '52', '1', '12', '0', '1-2 Year', 'Yes', '29442', '124', '264', '0'),
(2523, '519', 'Male', '49', '1', '28', '0', '1-2 Year', 'Yes', '31733', '26', '265', '0'),
(2524, '520', 'Female', '24', '1', '30', '0', '< 1 Year', 'No', '39055', '152', '127', '0'),
(2525, '521', 'Female', '24', '1', '30', '1', '< 1 Year', 'No', '28829', '152', '173', '0'),
(2526, '522', 'Female', '76', '1', '8', '0', '1-2 Year', 'Yes', '38546', '163', '92', '0'),
(2527, '523', 'Female', '22', '1', '3', '0', '< 1 Year', 'Yes', '23309', '160', '202', '0'),
(2528, '524', 'Female', '23', '1', '43', '1', '< 1 Year', 'No', '25272', '152', '25', '0'),
(2529, '525', 'Male', '24', '1', '8', '1', '< 1 Year', 'No', '60219', '151', '233', '0'),
(2530, '526', 'Female', '25', '1', '47', '0', '< 1 Year', 'Yes', '40374', '152', '246', '0'),
(2531, '527', 'Male', '33', '1', '46', '1', '1-2 Year', 'No', '27599', '124', '10', '0'),
(2532, '528', 'Male', '51', '1', '18', '1', '1-2 Year', 'No', '2630', '26', '88', '0'),
(2533, '529', 'Female', '48', '1', '27', '0', '1-2 Year', 'Yes', '34900', '124', '153', '0'),
(2534, '530', 'Male', '38', '1', '48', '0', '1-2 Year', 'Yes', '2630', '124', '67', '0'),
(2535, '531', 'Female', '21', '1', '7', '1', '< 1 Year', 'No', '2630', '152', '74', '0'),
(2536, '532', 'Male', '36', '1', '9', '1', '1-2 Year', 'No', '41410', '152', '174', '0'),
(2537, '533', 'Female', '22', '1', '28', '1', '< 1 Year', 'No', '24980', '152', '181', '0'),
(2538, '534', 'Male', '53', '1', '28', '1', '1-2 Year', 'Yes', '36544', '26', '182', '0'),
(2539, '535', 'Male', '45', '1', '46', '1', '1-2 Year', 'No', '2630', '26', '271', '0'),
(2540, '536', 'Male', '24', '1', '15', '1', '< 1 Year', 'No', '23479', '151', '259', '0'),
(2541, '537', 'Male', '46', '1', '11', '1', '1-2 Year', 'No', '36581', '152', '115', '0'),
(2542, '538', 'Female', '57', '1', '41', '1', '1-2 Year', 'No', '24564', '152', '220', '0'),
(2543, '539', 'Male', '41', '1', '28', '0', '1-2 Year', 'Yes', '44898', '124', '154', '0'),
(2544, '540', 'Male', '45', '1', '28', '0', '1-2 Year', 'Yes', '2630', '26', '204', '1'),
(2545, '541', 'Male', '47', '1', '31', '0', '1-2 Year', 'Yes', '2630', '124', '80', '0'),
(2546, '542', 'Male', '51', '1', '41', '0', '> 2 Years', 'Yes', '31443', '12', '82', '0'),
(2547, '543', 'Female', '24', '1', '15', '0', '< 1 Year', 'Yes', '2630', '152', '48', '0'),
(2548, '544', 'Male', '57', '1', '28', '0', '1-2 Year', 'Yes', '24552', '26', '122', '1'),
(2549, '545', 'Female', '25', '1', '8', '1', '< 1 Year', 'No', '61805', '152', '58', '0'),
(2550, '546', 'Male', '46', '1', '8', '1', '1-2 Year', 'No', '34727', '124', '229', '0'),
(2551, '547', 'Male', '38', '1', '28', '0', '1-2 Year', 'Yes', '46272', '124', '203', '1'),
(2552, '548', 'Female', '48', '1', '28', '0', '1-2 Year', 'Yes', '47104', '26', '166', '0'),
(2553, '549', 'Male', '22', '1', '46', '1', '< 1 Year', 'No', '26647', '160', '95', '0'),
(2554, '550', 'Male', '27', '1', '46', '1', '< 1 Year', 'No', '26312', '152', '244', '0'),
(2555, '551', 'Male', '33', '1', '43', '1', '1-2 Year', 'No', '2630', '26', '149', '0'),
(2556, '552', 'Male', '23', '1', '47', '1', '< 1 Year', 'No', '35982', '152', '277', '0'),
(2557, '553', 'Female', '44', '1', '28', '1', '1-2 Year', 'No', '34612', '26', '62', '0'),
(2558, '554', 'Female', '24', '1', '41', '1', '< 1 Year', 'No', '29857', '152', '201', '0'),
(2559, '555', 'Male', '39', '1', '38', '0', '1-2 Year', 'Yes', '33149', '124', '20', '0'),
(2560, '556', 'Female', '21', '1', '13', '1', '< 1 Year', 'No', '24731', '160', '283', '0');
INSERT INTO `remote_user_car_insurance` (`id`, `idno`, `Gender`, `Age`, `Driving_License`, `Region_Code`, `Previously_Insured`, `Vehicle_Age`, `Vehicle_Damage`, `Annual_Premium`, `Policy_Sales_Channel`, `Vintage`, `IResponse`) VALUES
(2561, '557', 'Male', '25', '1', '15', '1', '< 1 Year', 'No', '34661', '160', '207', '0'),
(2562, '558', 'Female', '51', '1', '33', '0', '1-2 Year', 'Yes', '31243', '152', '39', '1'),
(2563, '559', 'Female', '27', '1', '28', '1', '< 1 Year', 'No', '52455', '152', '21', '0'),
(2564, '560', 'Female', '42', '1', '8', '0', '> 2 Years', 'Yes', '34393', '124', '209', '0'),
(2565, '561', 'Female', '23', '1', '44', '1', '< 1 Year', 'No', '28978', '152', '242', '0'),
(2566, '562', 'Male', '36', '1', '28', '1', '1-2 Year', 'No', '44579', '26', '104', '0'),
(2567, '563', 'Male', '50', '1', '28', '0', '> 2 Years', 'Yes', '38269', '29', '244', '0'),
(2568, '564', 'Male', '69', '0', '33', '0', '1-2 Year', 'Yes', '39730', '26', '53', '0'),
(2569, '565', 'Male', '24', '1', '11', '1', '< 1 Year', 'No', '36316', '152', '64', '0'),
(2570, '566', 'Male', '57', '1', '7', '0', '1-2 Year', 'Yes', '2630', '124', '52', '0'),
(2571, '567', 'Female', '32', '1', '43', '0', '< 1 Year', 'No', '2630', '152', '167', '0'),
(2572, '568', 'Male', '68', '1', '8', '0', '1-2 Year', 'Yes', '112974', '26', '206', '0'),
(2573, '569', 'Male', '40', '1', '4', '0', '1-2 Year', 'Yes', '33466', '124', '120', '1'),
(2574, '570', 'Male', '37', '1', '30', '0', '1-2 Year', 'Yes', '29934', '26', '141', '0'),
(2575, '571', 'Female', '27', '1', '17', '1', '< 1 Year', 'No', '2630', '151', '24', '0'),
(2576, '572', 'Female', '21', '1', '47', '0', '< 1 Year', 'Yes', '57982', '160', '89', '0'),
(2577, '573', 'Female', '46', '1', '28', '0', '1-2 Year', 'Yes', '51568', '11', '216', '0'),
(2578, '574', 'Male', '55', '1', '28', '0', '1-2 Year', 'Yes', '54115', '55', '114', '0'),
(2579, '575', 'Male', '79', '1', '29', '0', '1-2 Year', 'Yes', '28777', '26', '220', '0'),
(2580, '576', 'Female', '22', '1', '8', '0', '< 1 Year', 'Yes', '35461', '152', '90', '0'),
(2581, '577', 'Female', '52', '1', '7', '0', '1-2 Year', 'Yes', '2630', '157', '19', '1'),
(2582, '578', 'Male', '22', '1', '30', '1', '< 1 Year', 'No', '28001', '152', '226', '0'),
(2583, '579', 'Female', '24', '1', '28', '0', '< 1 Year', 'Yes', '31901', '152', '17', '0'),
(2584, '580', 'Male', '32', '1', '21', '1', '< 1 Year', 'No', '25562', '152', '261', '0'),
(2585, '581', 'Male', '40', '1', '28', '0', '1-2 Year', 'Yes', '34364', '124', '41', '0'),
(2586, '582', 'Female', '23', '1', '8', '1', '< 1 Year', 'No', '48251', '152', '202', '0'),
(2587, '583', 'Male', '56', '1', '6', '1', '1-2 Year', 'Yes', '20472', '26', '288', '0'),
(2588, '584', 'Male', '57', '1', '28', '0', '1-2 Year', 'Yes', '31179', '26', '160', '1'),
(2589, '585', 'Male', '24', '1', '15', '1', '< 1 Year', 'No', '33613', '152', '205', '0'),
(2590, '586', 'Female', '27', '1', '33', '1', '< 1 Year', 'No', '2630', '160', '266', '0'),
(2591, '587', 'Male', '21', '1', '26', '0', '< 1 Year', 'Yes', '25205', '160', '256', '0'),
(2592, '588', 'Female', '72', '1', '28', '0', '1-2 Year', 'Yes', '61819', '122', '35', '0'),
(2593, '589', 'Female', '25', '1', '6', '0', '< 1 Year', 'Yes', '2630', '152', '288', '0'),
(2594, '590', 'Female', '21', '1', '7', '1', '< 1 Year', 'No', '48103', '160', '135', '0'),
(2595, '591', 'Male', '24', '1', '45', '0', '< 1 Year', 'Yes', '19848', '152', '115', '0'),
(2596, '592', 'Female', '25', '1', '24', '1', '< 1 Year', 'No', '2630', '152', '36', '0'),
(2597, '593', 'Male', '26', '1', '30', '1', '< 1 Year', 'No', '22102', '152', '97', '0'),
(2598, '594', 'Female', '75', '1', '46', '1', '1-2 Year', 'No', '30356', '26', '288', '0'),
(2599, '595', 'Female', '24', '1', '41', '1', '< 1 Year', 'Yes', '21093', '160', '53', '0'),
(2600, '596', 'Male', '66', '1', '14', '0', '1-2 Year', 'Yes', '40223', '124', '200', '0'),
(2601, '597', 'Female', '23', '1', '41', '1', '< 1 Year', 'No', '32465', '152', '47', '0'),
(2602, '598', 'Female', '49', '1', '46', '0', '1-2 Year', 'Yes', '25996', '26', '184', '1'),
(2603, '599', 'Male', '42', '1', '41', '0', '1-2 Year', 'Yes', '35129', '163', '80', '1'),
(2604, '600', 'Female', '25', '1', '23', '1', '< 1 Year', 'No', '19298', '152', '140', '0'),
(2605, '601', 'Male', '21', '1', '29', '1', '< 1 Year', 'No', '28450', '152', '17', '0'),
(2606, '602', 'Female', '23', '1', '28', '1', '< 1 Year', 'No', '28155', '152', '83', '0'),
(2607, '603', 'Female', '38', '1', '28', '0', '1-2 Year', 'Yes', '26103', '154', '121', '0'),
(2608, '604', 'Male', '44', '1', '35', '0', '1-2 Year', 'Yes', '2630', '124', '245', '0'),
(2609, '605', 'Male', '25', '1', '28', '0', '< 1 Year', 'Yes', '60550', '152', '269', '0'),
(2610, '606', 'Male', '38', '1', '28', '0', '1-2 Year', 'Yes', '52970', '124', '106', '0'),
(2611, '607', 'Female', '24', '1', '13', '1', '< 1 Year', 'No', '22649', '152', '243', '0'),
(2612, '608', 'Female', '23', '1', '27', '0', '< 1 Year', 'No', '2630', '152', '103', '0'),
(2613, '609', 'Female', '43', '1', '28', '1', '1-2 Year', 'No', '2630', '124', '248', '0'),
(2614, '610', 'Female', '30', '1', '26', '0', '< 1 Year', 'Yes', '2630', '154', '74', '0'),
(2615, '611', 'Female', '49', '1', '28', '1', '1-2 Year', 'No', '2630', '124', '100', '0'),
(2616, '612', 'Female', '22', '1', '30', '1', '< 1 Year', 'No', '30724', '152', '271', '0'),
(2617, '613', 'Female', '45', '1', '8', '0', '1-2 Year', 'Yes', '2630', '26', '96', '1'),
(2618, '614', 'Male', '72', '1', '28', '0', '1-2 Year', 'Yes', '45683', '26', '270', '0'),
(2619, '615', 'Male', '25', '1', '8', '1', '< 1 Year', 'No', '63124', '152', '136', '0'),
(2620, '616', 'Male', '64', '1', '28', '1', '1-2 Year', 'No', '30068', '26', '237', '0'),
(2621, '617', 'Male', '46', '1', '28', '0', '> 2 Years', 'Yes', '64819', '124', '82', '1'),
(2622, '618', 'Male', '84', '1', '28', '1', '1-2 Year', 'No', '49367', '122', '31', '0'),
(2623, '619', 'Male', '46', '1', '28', '0', '> 2 Years', 'Yes', '42534', '124', '168', '0'),
(2624, '620', 'Female', '41', '1', '28', '0', '1-2 Year', 'Yes', '35524', '124', '13', '1'),
(2625, '621', 'Male', '73', '1', '46', '0', '1-2 Year', 'Yes', '41623', '26', '146', '0'),
(2626, '622', 'Female', '43', '1', '28', '0', '> 2 Years', 'Yes', '37314', '26', '288', '1'),
(2627, '623', 'Male', '47', '1', '9', '0', '1-2 Year', 'Yes', '37752', '26', '235', '0'),
(2628, '624', 'Male', '55', '1', '28', '1', '1-2 Year', 'Yes', '42394', '26', '142', '0'),
(2629, '625', 'Female', '45', '1', '37', '0', '1-2 Year', 'Yes', '35692', '152', '235', '0'),
(2630, '626', 'Female', '24', '1', '11', '1', '< 1 Year', 'No', '38608', '152', '107', '0'),
(2631, '627', 'Male', '44', '1', '23', '0', '1-2 Year', 'Yes', '42609', '124', '83', '0'),
(2632, '628', 'Male', '42', '1', '28', '0', '> 2 Years', 'Yes', '34815', '26', '101', '1'),
(2633, '629', 'Female', '24', '1', '3', '1', '< 1 Year', 'No', '28239', '152', '67', '0'),
(2634, '630', 'Female', '27', '1', '15', '0', '< 1 Year', 'No', '28171', '152', '213', '0'),
(2635, '631', 'Male', '21', '1', '26', '1', '< 1 Year', 'No', '15945', '160', '160', '0'),
(2636, '632', 'Female', '22', '1', '40', '1', '< 1 Year', 'No', '32851', '152', '234', '0'),
(2637, '633', 'Female', '22', '1', '14', '1', '< 1 Year', 'No', '37508', '152', '260', '0'),
(2638, '634', 'Female', '44', '1', '40', '0', '1-2 Year', 'Yes', '36790', '26', '266', '0'),
(2639, '635', 'Male', '21', '1', '4', '0', '< 1 Year', 'Yes', '22577', '152', '204', '0'),
(2640, '636', 'Male', '36', '1', '46', '0', '1-2 Year', 'Yes', '20819', '26', '137', '0'),
(2641, '637', 'Male', '24', '1', '28', '1', '< 1 Year', 'No', '55467', '152', '84', '0'),
(2642, '638', 'Female', '53', '1', '8', '0', '1-2 Year', 'Yes', '60483', '7', '30', '0'),
(2643, '639', 'Male', '52', '1', '28', '1', '1-2 Year', 'No', '35031', '26', '88', '0'),
(2644, '640', 'Male', '23', '1', '35', '1', '< 1 Year', 'No', '34056', '152', '233', '0'),
(2645, '641', 'Female', '49', '1', '48', '1', '1-2 Year', 'No', '2630', '26', '245', '0'),
(2646, '642', 'Female', '23', '1', '29', '1', '< 1 Year', 'No', '27636', '152', '145', '0'),
(2647, '643', 'Female', '23', '1', '41', '1', '< 1 Year', 'No', '44043', '152', '65', '0'),
(2648, '644', 'Male', '40', '1', '28', '0', '1-2 Year', 'No', '32854', '122', '149', '0'),
(2649, '645', 'Male', '23', '1', '15', '1', '< 1 Year', 'No', '29541', '152', '258', '0'),
(2650, '646', 'Female', '21', '1', '36', '1', '< 1 Year', 'No', '30389', '152', '27', '0'),
(2651, '647', 'Male', '30', '1', '28', '0', '1-2 Year', 'Yes', '2630', '157', '298', '0'),
(2652, '648', 'Male', '57', '1', '46', '1', '1-2 Year', 'No', '2630', '26', '166', '0'),
(2653, '649', 'Male', '55', '1', '28', '1', '1-2 Year', 'No', '67745', '124', '93', '0'),
(2654, '650', 'Male', '50', '1', '4', '0', '1-2 Year', 'Yes', '26821', '26', '296', '0'),
(2655, '651', 'Female', '44', '1', '28', '0', '1-2 Year', 'Yes', '26567', '26', '215', '0'),
(2656, '652', 'Male', '25', '1', '28', '0', '< 1 Year', 'Yes', '41654', '26', '233', '0'),
(2657, '653', 'Male', '43', '1', '23', '0', '1-2 Year', 'Yes', '29155', '154', '277', '0'),
(2658, '654', 'Male', '24', '1', '41', '1', '< 1 Year', 'No', '24773', '152', '277', '0'),
(2659, '655', 'Female', '59', '1', '18', '0', '1-2 Year', 'No', '23322', '124', '133', '1'),
(2660, '656', 'Male', '23', '1', '44', '0', '< 1 Year', 'Yes', '29267', '152', '41', '0'),
(2661, '657', 'Male', '53', '1', '13', '0', '1-2 Year', 'Yes', '2630', '26', '90', '0'),
(2662, '658', 'Male', '23', '1', '46', '1', '1-2 Year', 'Yes', '2630', '156', '234', '0'),
(2663, '659', 'Male', '24', '1', '36', '1', '< 1 Year', 'No', '36975', '152', '88', '0'),
(2664, '660', 'Female', '24', '1', '28', '0', '< 1 Year', 'Yes', '32681', '152', '116', '0'),
(2665, '661', 'Male', '60', '1', '28', '0', '1-2 Year', 'Yes', '68548', '26', '298', '0'),
(2666, '662', 'Female', '34', '1', '29', '0', '1-2 Year', 'Yes', '30045', '26', '119', '1'),
(2667, '663', 'Male', '29', '1', '28', '1', '< 1 Year', 'No', '25850', '152', '125', '0'),
(2668, '664', 'Female', '21', '1', '46', '1', '< 1 Year', 'No', '41238', '152', '195', '0'),
(2669, '665', 'Male', '25', '1', '14', '1', '< 1 Year', 'No', '39723', '152', '278', '0'),
(2670, '666', 'Female', '45', '1', '35', '1', '1-2 Year', 'No', '52448', '26', '105', '0'),
(2671, '667', 'Female', '22', '1', '47', '1', '< 1 Year', 'No', '24233', '152', '231', '0'),
(2672, '668', 'Male', '55', '1', '17', '1', '1-2 Year', 'No', '36693', '26', '212', '0'),
(2673, '669', 'Male', '45', '1', '33', '0', '1-2 Year', 'Yes', '23958', '26', '35', '1'),
(2674, '670', 'Female', '23', '1', '28', '1', '< 1 Year', 'No', '49577', '152', '55', '0'),
(2675, '671', 'Male', '26', '1', '47', '1', '< 1 Year', 'No', '33045', '152', '188', '0'),
(2676, '672', 'Male', '68', '1', '28', '0', '1-2 Year', 'Yes', '45626', '26', '68', '0'),
(2677, '673', 'Female', '63', '1', '28', '0', '1-2 Year', 'Yes', '2630', '26', '172', '0'),
(2678, '674', 'Male', '27', '1', '36', '1', '< 1 Year', 'No', '32286', '152', '75', '0'),
(2679, '675', 'Female', '37', '1', '28', '0', '1-2 Year', 'Yes', '45037', '26', '238', '1'),
(2680, '676', 'Female', '48', '1', '28', '1', '1-2 Year', 'No', '45148', '124', '240', '0'),
(2681, '677', 'Female', '35', '1', '35', '0', '1-2 Year', 'Yes', '37646', '26', '198', '0'),
(2682, '678', 'Male', '71', '1', '28', '1', '1-2 Year', 'No', '33685', '122', '10', '0'),
(2683, '679', 'Male', '31', '1', '39', '0', '< 1 Year', 'Yes', '2630', '26', '166', '1'),
(2684, '680', 'Male', '53', '1', '29', '0', '1-2 Year', 'Yes', '2630', '156', '141', '0'),
(2685, '681', 'Male', '22', '1', '41', '1', '< 1 Year', 'No', '31827', '152', '69', '0'),
(2686, '682', 'Female', '67', '1', '41', '0', '1-2 Year', 'Yes', '31554', '124', '30', '0'),
(2687, '683', 'Female', '76', '1', '28', '1', '1-2 Year', 'No', '37753', '124', '38', '0'),
(2688, '684', 'Female', '47', '1', '30', '0', '1-2 Year', 'Yes', '2630', '154', '227', '0'),
(2689, '685', 'Male', '36', '1', '35', '0', '1-2 Year', 'Yes', '25017', '124', '203', '0'),
(2690, '686', 'Male', '46', '1', '28', '0', '1-2 Year', 'Yes', '31663', '26', '235', '0'),
(2691, '687', 'Female', '35', '1', '3', '0', '1-2 Year', 'No', '2630', '26', '43', '0'),
(2692, '688', 'Female', '66', '1', '8', '0', '1-2 Year', 'No', '48089', '7', '205', '0'),
(2693, '689', 'Male', '61', '1', '8', '0', '> 2 Years', 'Yes', '22257', '124', '171', '1'),
(2694, '690', 'Female', '23', '1', '41', '1', '< 1 Year', 'No', '33860', '152', '217', '0'),
(2695, '691', 'Male', '44', '1', '28', '0', '1-2 Year', 'No', '50633', '124', '103', '0'),
(2696, '692', 'Female', '22', '1', '11', '0', '< 1 Year', 'Yes', '35557', '152', '110', '0'),
(2697, '693', 'Female', '28', '1', '11', '1', '< 1 Year', 'No', '2630', '152', '101', '0'),
(2698, '694', 'Female', '38', '1', '46', '0', '1-2 Year', 'Yes', '2630', '157', '83', '0'),
(2699, '695', 'Female', '48', '1', '10', '0', '1-2 Year', 'Yes', '39818', '26', '180', '0'),
(2700, '696', 'Male', '41', '1', '28', '0', '1-2 Year', 'Yes', '49845', '124', '168', '0'),
(2701, '697', 'Female', '31', '1', '8', '1', '< 1 Year', 'No', '41106', '152', '37', '0'),
(2702, '698', 'Male', '42', '1', '8', '1', '1-2 Year', 'No', '2630', '26', '193', '0'),
(2703, '699', 'Male', '48', '1', '41', '1', '1-2 Year', 'No', '2630', '124', '18', '0'),
(2704, '700', 'Male', '42', '1', '28', '0', '1-2 Year', 'Yes', '2630', '122', '235', '0'),
(2705, '701', 'Female', '24', '1', '47', '1', '< 1 Year', 'No', '35665', '152', '174', '0'),
(2706, '702', 'Male', '76', '1', '3', '1', '1-2 Year', 'No', '28290', '26', '146', '0'),
(2707, '703', 'Female', '43', '1', '28', '0', '1-2 Year', 'Yes', '46174', '26', '21', '1'),
(2708, '704', 'Female', '25', '1', '28', '1', '< 1 Year', 'No', '34410', '152', '219', '0'),
(2709, '705', 'Male', '43', '1', '28', '0', '1-2 Year', 'Yes', '26259', '124', '116', '0'),
(2710, '706', 'Female', '35', '1', '46', '0', '1-2 Year', 'Yes', '29036', '124', '227', '1'),
(2711, '707', 'Female', '24', '1', '11', '1', '< 1 Year', 'No', '32803', '152', '239', '0'),
(2712, '708', 'Male', '46', '1', '8', '0', '1-2 Year', 'No', '35183', '155', '68', '0'),
(2713, '709', 'Female', '45', '1', '28', '1', '1-2 Year', 'No', '28586', '124', '129', '0'),
(2714, '710', 'Male', '24', '1', '49', '1', '< 1 Year', 'No', '19613', '152', '167', '0'),
(2715, '711', 'Female', '46', '1', '0', '0', '1-2 Year', 'Yes', '2630', '47', '292', '0'),
(2716, '712', 'Female', '33', '1', '28', '0', '1-2 Year', 'Yes', '28188', '122', '257', '0'),
(2717, '713', 'Male', '23', '1', '18', '1', '< 1 Year', 'No', '18086', '152', '139', '0'),
(2718, '714', 'Male', '38', '1', '39', '0', '1-2 Year', 'Yes', '2630', '127', '244', '0'),
(2719, '715', 'Male', '47', '1', '26', '0', '1-2 Year', 'Yes', '28871', '26', '60', '1'),
(2720, '716', 'Female', '26', '1', '46', '1', '< 1 Year', 'No', '30380', '152', '268', '0'),
(2721, '717', 'Male', '44', '1', '8', '0', '1-2 Year', 'Yes', '32342', '124', '255', '1'),
(2722, '718', 'Male', '23', '1', '29', '0', '< 1 Year', 'Yes', '28070', '153', '136', '0'),
(2723, '719', 'Male', '36', '1', '8', '0', '1-2 Year', 'Yes', '32752', '156', '287', '1'),
(2724, '720', 'Male', '40', '1', '8', '0', '1-2 Year', 'Yes', '71479', '124', '107', '0'),
(2725, '721', 'Male', '24', '1', '10', '1', '< 1 Year', 'No', '31953', '152', '83', '0'),
(2726, '722', 'Male', '39', '1', '18', '0', '1-2 Year', 'Yes', '43177', '124', '12', '0'),
(2727, '723', 'Female', '42', '1', '28', '1', '1-2 Year', 'No', '61279', '26', '224', '0'),
(2728, '724', 'Female', '76', '1', '29', '1', '1-2 Year', 'No', '48834', '26', '54', '0'),
(2729, '725', 'Female', '31', '1', '10', '1', '< 1 Year', 'No', '30459', '152', '295', '0'),
(2730, '726', 'Female', '21', '1', '15', '0', '< 1 Year', 'Yes', '31946', '152', '216', '0'),
(2731, '727', 'Male', '48', '1', '37', '1', '1-2 Year', 'No', '22242', '26', '283', '0'),
(2732, '728', 'Female', '23', '1', '27', '0', '< 1 Year', 'No', '27629', '152', '228', '0'),
(2733, '729', 'Male', '28', '1', '9', '1', '< 1 Year', 'No', '34010', '152', '145', '0'),
(2734, '730', 'Female', '43', '1', '28', '0', '1-2 Year', 'Yes', '41103', '26', '258', '0'),
(2735, '731', 'Male', '35', '1', '28', '0', '1-2 Year', 'Yes', '33273', '122', '255', '0'),
(2736, '732', 'Female', '35', '1', '28', '0', '1-2 Year', 'Yes', '39339', '124', '170', '0'),
(2737, '733', 'Male', '77', '1', '28', '0', '1-2 Year', 'Yes', '2630', '26', '109', '1'),
(2738, '734', 'Female', '24', '1', '33', '1', '< 1 Year', 'Yes', '31546', '152', '268', '0'),
(2739, '735', 'Male', '50', '1', '28', '0', '> 2 Years', 'Yes', '53905', '124', '253', '1'),
(2740, '736', 'Female', '69', '1', '28', '0', '1-2 Year', 'Yes', '48756', '124', '285', '0'),
(2741, '737', 'Female', '24', '1', '37', '0', '< 1 Year', 'Yes', '49007', '152', '115', '0'),
(2742, '738', 'Male', '29', '1', '8', '1', '< 1 Year', 'No', '46278', '152', '69', '0'),
(2743, '739', 'Male', '43', '1', '28', '0', '1-2 Year', 'Yes', '29921', '26', '146', '1'),
(2744, '740', 'Male', '70', '1', '28', '1', '1-2 Year', 'No', '36785', '13', '211', '0'),
(2745, '741', 'Male', '50', '1', '8', '0', '1-2 Year', 'Yes', '2630', '26', '276', '0'),
(2746, '742', 'Male', '29', '1', '18', '1', '< 1 Year', 'No', '36528', '152', '270', '0'),
(2747, '743', 'Male', '23', '1', '28', '1', '< 1 Year', 'No', '42463', '152', '160', '0'),
(2748, '744', 'Male', '20', '1', '39', '1', '< 1 Year', 'No', '31515', '160', '167', '0'),
(2749, '745', 'Male', '29', '1', '4', '1', '< 1 Year', 'No', '23080', '152', '103', '0'),
(2750, '746', 'Female', '68', '1', '47', '1', '1-2 Year', 'No', '25075', '26', '108', '0'),
(2751, '747', 'Male', '25', '1', '27', '0', '< 1 Year', 'Yes', '27136', '152', '155', '0'),
(2752, '748', 'Male', '48', '1', '28', '0', '1-2 Year', 'Yes', '31502', '26', '125', '0'),
(2753, '749', 'Male', '46', '1', '28', '0', '> 2 Years', 'Yes', '38166', '26', '37', '1'),
(2754, '750', 'Male', '44', '1', '28', '1', '1-2 Year', 'Yes', '33844', '26', '81', '0'),
(2755, '751', 'Male', '49', '1', '30', '0', '1-2 Year', 'Yes', '2630', '26', '59', '1'),
(2756, '752', 'Male', '53', '1', '30', '1', '1-2 Year', 'No', '2630', '26', '208', '0'),
(2757, '753', 'Male', '24', '1', '7', '0', '< 1 Year', 'No', '32560', '152', '291', '0'),
(2758, '754', 'Male', '61', '1', '3', '0', '1-2 Year', 'Yes', '27238', '30', '206', '0'),
(2759, '755', 'Female', '33', '1', '28', '0', '< 1 Year', 'Yes', '43563', '154', '240', '0'),
(2760, '756', 'Female', '49', '1', '8', '0', '> 2 Years', 'Yes', '40190', '124', '209', '0'),
(2761, '757', 'Female', '53', '1', '33', '0', '1-2 Year', 'Yes', '47367', '124', '254', '0'),
(2762, '758', 'Male', '46', '1', '36', '1', '1-2 Year', 'No', '37565', '26', '18', '0'),
(2763, '759', 'Female', '44', '1', '28', '0', '1-2 Year', 'Yes', '42376', '124', '298', '0'),
(2764, '760', 'Male', '25', '1', '32', '1', '< 1 Year', 'No', '2630', '160', '114', '0'),
(2765, '761', 'Male', '26', '1', '15', '0', '< 1 Year', 'No', '44116', '152', '125', '0'),
(2766, '762', 'Female', '40', '1', '28', '0', '1-2 Year', 'Yes', '2630', '124', '197', '1'),
(2767, '763', 'Female', '48', '1', '3', '0', '1-2 Year', 'Yes', '28795', '124', '286', '0'),
(2768, '764', 'Female', '35', '1', '28', '0', '1-2 Year', 'Yes', '22773', '124', '193', '0'),
(2769, '765', 'Male', '59', '1', '28', '0', '1-2 Year', 'Yes', '2630', '156', '245', '0'),
(2770, '766', 'Female', '23', '1', '33', '1', '< 1 Year', 'No', '22900', '152', '24', '0'),
(2771, '767', 'Female', '69', '1', '18', '0', '1-2 Year', 'Yes', '30539', '124', '107', '1'),
(2772, '768', 'Female', '72', '1', '28', '1', '1-2 Year', 'No', '65452', '26', '38', '0'),
(2773, '769', 'Female', '44', '1', '41', '0', '1-2 Year', 'Yes', '41968', '124', '222', '0'),
(2774, '770', 'Male', '30', '1', '8', '1', '< 1 Year', 'No', '45553', '160', '295', '0'),
(2775, '771', 'Female', '31', '1', '28', '1', '1-2 Year', 'No', '34827', '124', '71', '0'),
(2776, '772', 'Male', '48', '1', '8', '1', '1-2 Year', 'No', '39109', '78', '51', '0'),
(2777, '773', 'Female', '33', '1', '18', '1', '< 1 Year', 'No', '33981', '152', '248', '0'),
(2778, '774', 'Female', '21', '1', '3', '1', '< 1 Year', 'No', '31286', '152', '286', '0'),
(2779, '775', 'Male', '58', '1', '28', '0', '1-2 Year', 'Yes', '2630', '158', '180', '1'),
(2780, '776', 'Male', '52', '1', '3', '0', '1-2 Year', 'No', '29058', '26', '198', '0'),
(2781, '777', 'Male', '44', '1', '35', '0', '1-2 Year', 'No', '2630', '89', '88', '0'),
(2782, '778', 'Male', '20', '1', '13', '0', '< 1 Year', 'Yes', '2630', '160', '222', '0'),
(2783, '779', 'Male', '23', '1', '28', '0', '< 1 Year', 'Yes', '40765', '152', '144', '0'),
(2784, '780', 'Female', '24', '1', '37', '0', '< 1 Year', 'Yes', '21408', '160', '202', '0'),
(2785, '781', 'Male', '45', '1', '28', '1', '1-2 Year', 'No', '36212', '124', '82', '0'),
(2786, '782', 'Male', '77', '1', '28', '1', '1-2 Year', 'No', '33249', '122', '267', '0'),
(2787, '783', 'Female', '23', '1', '30', '1', '< 1 Year', 'No', '26275', '152', '108', '0'),
(2788, '784', 'Male', '24', '1', '8', '1', '< 1 Year', 'No', '33265', '152', '57', '0'),
(2789, '785', 'Female', '37', '1', '33', '0', '1-2 Year', 'No', '41890', '124', '167', '0'),
(2790, '786', 'Male', '40', '1', '8', '0', '1-2 Year', 'Yes', '31043', '124', '279', '0'),
(2791, '787', 'Male', '65', '1', '48', '0', '1-2 Year', 'Yes', '2630', '26', '90', '0'),
(2792, '788', 'Female', '54', '1', '41', '1', '1-2 Year', 'No', '19700', '26', '39', '0'),
(2793, '789', 'Male', '33', '1', '28', '0', '1-2 Year', 'Yes', '43580', '26', '37', '0'),
(2794, '790', 'Male', '40', '1', '28', '0', '1-2 Year', 'Yes', '28113', '124', '278', '1'),
(2795, '791', 'Male', '20', '1', '8', '1', '< 1 Year', 'No', '44400', '160', '275', '0'),
(2796, '792', 'Female', '20', '1', '2', '1', '< 1 Year', 'Yes', '31207', '160', '195', '0'),
(2797, '793', 'Male', '24', '1', '8', '0', '< 1 Year', 'No', '2630', '152', '12', '0'),
(2798, '794', 'Male', '52', '1', '3', '0', '1-2 Year', 'Yes', '28088', '26', '285', '1'),
(2799, '795', 'Male', '71', '1', '16', '0', '1-2 Year', 'Yes', '2630', '26', '134', '0'),
(2800, '796', 'Female', '23', '1', '43', '0', '< 1 Year', 'Yes', '46257', '152', '215', '0'),
(2801, '797', 'Male', '26', '1', '27', '1', '< 1 Year', 'No', '49625', '152', '151', '0'),
(2802, '798', 'Female', '27', '1', '25', '1', '< 1 Year', 'No', '29214', '152', '46', '0'),
(2803, '799', 'Female', '23', '1', '8', '1', '< 1 Year', 'No', '50423', '152', '73', '0'),
(2804, '800', 'Male', '45', '1', '28', '1', '1-2 Year', 'No', '29055', '124', '279', '0'),
(2805, '801', 'Male', '26', '1', '14', '1', '< 1 Year', 'No', '24354', '151', '171', '0'),
(2806, '802', 'Male', '23', '1', '28', '1', '< 1 Year', 'No', '57911', '152', '34', '0'),
(2807, '803', 'Female', '29', '1', '15', '1', '< 1 Year', 'No', '37098', '152', '185', '0'),
(2808, '804', 'Female', '45', '1', '28', '1', '1-2 Year', 'No', '2630', '32', '214', '0'),
(2809, '805', 'Female', '26', '1', '28', '1', '< 1 Year', 'Yes', '42200', '26', '251', '0'),
(2810, '806', 'Male', '38', '1', '48', '0', '1-2 Year', 'Yes', '2630', '124', '10', '1'),
(2811, '807', 'Female', '67', '1', '29', '0', '1-2 Year', 'Yes', '45459', '124', '267', '1'),
(2812, '808', 'Female', '21', '1', '36', '1', '< 1 Year', 'No', '32204', '160', '221', '0'),
(2813, '809', 'Female', '24', '1', '3', '1', '< 1 Year', 'Yes', '29376', '160', '112', '0'),
(2814, '810', 'Female', '24', '1', '8', '1', '< 1 Year', 'No', '58326', '152', '96', '0'),
(2815, '811', 'Male', '22', '1', '2', '1', '< 1 Year', 'No', '34772', '152', '105', '0'),
(2816, '812', 'Female', '25', '1', '37', '0', '< 1 Year', 'Yes', '47183', '152', '204', '0'),
(2817, '813', 'Female', '54', '1', '50', '1', '1-2 Year', 'No', '32573', '154', '153', '0'),
(2818, '814', 'Male', '62', '1', '28', '0', '1-2 Year', 'Yes', '38052', '124', '82', '1'),
(2819, '815', 'Female', '26', '1', '28', '1', '< 1 Year', 'No', '38448', '152', '216', '0'),
(2820, '816', 'Female', '22', '1', '33', '1', '< 1 Year', 'No', '38214', '152', '21', '0'),
(2821, '817', 'Female', '36', '1', '28', '1', '1-2 Year', 'No', '2630', '125', '232', '0'),
(2822, '818', 'Female', '59', '1', '8', '0', '1-2 Year', 'Yes', '80682', '124', '280', '0'),
(2823, '819', 'Female', '23', '1', '39', '1', '< 1 Year', 'No', '50821', '152', '201', '0'),
(2824, '820', 'Female', '67', '1', '41', '0', '1-2 Year', 'Yes', '40821', '124', '73', '0'),
(2825, '821', 'Female', '41', '1', '38', '0', '1-2 Year', 'Yes', '30438', '124', '299', '0'),
(2826, '822', 'Male', '25', '1', '11', '1', '< 1 Year', 'No', '18009', '160', '87', '0'),
(2827, '823', 'Female', '46', '1', '28', '0', '1-2 Year', 'Yes', '30184', '124', '110', '0'),
(2828, '824', 'Female', '23', '1', '14', '0', '< 1 Year', 'Yes', '27404', '152', '293', '0'),
(2829, '825', 'Female', '26', '1', '9', '1', '< 1 Year', 'No', '37801', '152', '121', '0'),
(2830, '826', 'Female', '37', '1', '35', '0', '1-2 Year', 'No', '2630', '26', '71', '0'),
(2831, '827', 'Male', '66', '1', '50', '1', '1-2 Year', 'No', '38590', '8', '76', '0'),
(2832, '828', 'Female', '33', '1', '13', '0', '1-2 Year', 'No', '38411', '124', '176', '0'),
(2833, '829', 'Female', '25', '1', '28', '1', '< 1 Year', 'No', '29046', '152', '134', '0'),
(2834, '830', 'Male', '23', '1', '29', '1', '< 1 Year', 'No', '36838', '152', '182', '0'),
(2835, '831', 'Male', '56', '1', '28', '1', '1-2 Year', 'No', '48462', '124', '22', '0'),
(2836, '832', 'Female', '41', '1', '35', '0', '1-2 Year', 'Yes', '30495', '10', '136', '0'),
(2837, '833', 'Male', '20', '1', '30', '0', '< 1 Year', 'No', '25497', '160', '11', '0'),
(2838, '834', 'Male', '25', '1', '37', '0', '< 1 Year', 'Yes', '31531', '152', '49', '1'),
(2839, '835', 'Male', '66', '1', '41', '0', '1-2 Year', 'Yes', '47749', '26', '144', '0'),
(2840, '836', 'Female', '25', '1', '18', '1', '< 1 Year', 'No', '25162', '152', '155', '0'),
(2841, '837', 'Female', '29', '1', '33', '1', '< 1 Year', 'No', '52537', '152', '291', '0'),
(2842, '838', 'Male', '25', '1', '8', '1', '< 1 Year', 'No', '2630', '152', '16', '0'),
(2843, '839', 'Male', '52', '1', '8', '0', '1-2 Year', 'Yes', '54581', '26', '234', '0'),
(2844, '840', 'Male', '77', '1', '28', '0', '> 2 Years', 'Yes', '60083', '26', '191', '0'),
(2845, '841', 'Male', '21', '1', '8', '0', '< 1 Year', 'Yes', '66657', '152', '59', '0'),
(2846, '842', 'Female', '24', '1', '17', '1', '< 1 Year', 'No', '28385', '152', '164', '0'),
(2847, '843', 'Female', '24', '1', '37', '0', '< 1 Year', 'No', '47282', '152', '65', '0'),
(2848, '844', 'Male', '39', '1', '28', '1', '1-2 Year', 'No', '38452', '8', '230', '0'),
(2849, '845', 'Male', '44', '1', '17', '0', '1-2 Year', 'Yes', '37272', '124', '231', '0'),
(2850, '846', 'Female', '44', '1', '28', '0', '1-2 Year', 'Yes', '43624', '26', '28', '1'),
(2851, '847', 'Male', '43', '1', '39', '0', '1-2 Year', 'Yes', '2630', '124', '26', '1'),
(2852, '848', 'Male', '49', '1', '46', '1', '1-2 Year', 'No', '2630', '26', '226', '0'),
(2853, '849', 'Female', '24', '1', '41', '1', '< 1 Year', 'No', '39342', '152', '27', '0'),
(2854, '850', 'Male', '53', '1', '8', '1', '1-2 Year', 'No', '44895', '124', '240', '0'),
(2855, '851', 'Female', '67', '1', '50', '0', '1-2 Year', 'Yes', '32592', '120', '101', '0'),
(2856, '852', 'Male', '54', '1', '8', '0', '< 1 Year', 'Yes', '34948', '26', '116', '1'),
(2857, '853', 'Female', '44', '1', '41', '0', '1-2 Year', 'Yes', '31059', '26', '263', '1'),
(2858, '854', 'Male', '57', '1', '28', '0', '1-2 Year', 'Yes', '67533', '26', '269', '0'),
(2859, '855', 'Female', '30', '1', '28', '1', '< 1 Year', 'No', '28647', '152', '190', '0'),
(2860, '856', 'Female', '28', '1', '4', '0', '1-2 Year', 'Yes', '2630', '157', '63', '0'),
(2861, '857', 'Female', '22', '1', '15', '0', '< 1 Year', 'Yes', '37932', '152', '293', '0'),
(2862, '858', 'Male', '36', '1', '8', '0', '1-2 Year', 'Yes', '31149', '124', '207', '0'),
(2863, '859', 'Male', '23', '1', '36', '0', '< 1 Year', 'Yes', '31668', '152', '31', '0'),
(2864, '860', 'Male', '62', '1', '8', '0', '1-2 Year', 'Yes', '30883', '26', '173', '0'),
(2865, '861', 'Male', '42', '1', '28', '0', '1-2 Year', 'Yes', '30408', '124', '74', '1'),
(2866, '862', 'Male', '29', '1', '41', '0', '< 1 Year', 'Yes', '2630', '152', '203', '0'),
(2867, '863', 'Male', '44', '1', '50', '0', '1-2 Year', 'Yes', '35668', '65', '40', '0'),
(2868, '864', 'Male', '55', '1', '46', '0', '1-2 Year', 'Yes', '31997', '152', '202', '0'),
(2869, '865', 'Female', '49', '1', '41', '0', '1-2 Year', 'Yes', '2630', '26', '65', '0'),
(2870, '866', 'Male', '60', '1', '28', '0', '1-2 Year', 'No', '46684', '26', '280', '0'),
(2871, '867', 'Male', '21', '1', '46', '1', '< 1 Year', 'No', '35733', '160', '93', '0'),
(2872, '868', 'Male', '31', '1', '28', '1', '< 1 Year', 'No', '24002', '152', '261', '0'),
(2873, '869', 'Female', '42', '1', '3', '0', '1-2 Year', 'Yes', '43811', '154', '243', '0'),
(2874, '870', 'Female', '37', '1', '28', '1', '1-2 Year', 'No', '48427', '124', '176', '0'),
(2875, '871', 'Female', '40', '1', '30', '1', '1-2 Year', 'No', '30719', '152', '261', '0'),
(2876, '872', 'Male', '29', '1', '50', '0', '< 1 Year', 'Yes', '32200', '124', '79', '0'),
(2877, '873', 'Male', '34', '1', '41', '1', '1-2 Year', 'Yes', '36264', '26', '241', '0'),
(2878, '874', 'Female', '65', '1', '30', '1', '1-2 Year', 'Yes', '2630', '157', '125', '0'),
(2879, '875', 'Male', '73', '1', '48', '0', '1-2 Year', 'Yes', '2630', '15', '94', '0'),
(2880, '876', 'Female', '22', '1', '32', '1', '< 1 Year', 'No', '35727', '152', '116', '0'),
(2881, '877', 'Male', '50', '1', '28', '1', '1-2 Year', 'No', '45072', '26', '65', '0'),
(2882, '878', 'Male', '30', '1', '28', '1', '1-2 Year', 'Yes', '2630', '157', '127', '0'),
(2883, '879', 'Female', '52', '1', '11', '0', '1-2 Year', 'Yes', '2630', '156', '195', '0'),
(2884, '880', 'Male', '63', '1', '28', '1', '1-2 Year', 'Yes', '65387', '26', '146', '0'),
(2885, '881', 'Female', '47', '1', '28', '1', '1-2 Year', 'No', '32752', '26', '105', '0'),
(2886, '882', 'Male', '34', '1', '45', '0', '1-2 Year', 'Yes', '2630', '156', '223', '1'),
(2887, '883', 'Male', '54', '1', '9', '0', '> 2 Years', 'Yes', '40603', '31', '161', '1'),
(2888, '884', 'Male', '83', '1', '41', '1', '1-2 Year', 'No', '40935', '124', '166', '0'),
(2889, '885', 'Male', '72', '1', '28', '0', '1-2 Year', 'No', '60923', '124', '179', '0'),
(2890, '886', 'Female', '25', '1', '34', '0', '< 1 Year', 'Yes', '2630', '152', '46', '0'),
(2891, '887', 'Male', '57', '1', '28', '0', '1-2 Year', 'Yes', '39067', '26', '134', '0'),
(2892, '888', 'Male', '54', '1', '28', '0', '1-2 Year', 'Yes', '36574', '26', '66', '0'),
(2893, '889', 'Male', '24', '1', '41', '1', '< 1 Year', 'No', '33243', '152', '33', '0'),
(2894, '890', 'Female', '25', '1', '22', '1', '< 1 Year', 'No', '29364', '152', '88', '0'),
(2895, '891', 'Female', '77', '1', '3', '0', '1-2 Year', 'Yes', '40743', '26', '65', '0'),
(2896, '892', 'Female', '24', '1', '8', '1', '< 1 Year', 'No', '33324', '152', '83', '0'),
(2897, '893', 'Male', '45', '1', '3', '1', '1-2 Year', 'Yes', '31641', '124', '183', '0'),
(2898, '894', 'Male', '26', '1', '14', '1', '< 1 Year', 'No', '2630', '152', '137', '0'),
(2899, '895', 'Female', '29', '1', '41', '0', '< 1 Year', 'Yes', '2630', '121', '166', '1'),
(2900, '896', 'Male', '47', '1', '41', '0', '1-2 Year', 'Yes', '35297', '124', '74', '1'),
(2901, '897', 'Female', '28', '1', '18', '1', '< 1 Year', 'No', '38784', '152', '264', '0'),
(2902, '898', 'Male', '41', '1', '45', '0', '1-2 Year', 'Yes', '26978', '25', '213', '0'),
(2903, '899', 'Male', '24', '1', '28', '0', '1-2 Year', 'Yes', '50974', '124', '266', '0'),
(2904, '900', 'Male', '24', '1', '6', '1', '< 1 Year', 'Yes', '29526', '152', '32', '0'),
(2905, '901', 'Female', '28', '1', '2', '1', '< 1 Year', 'No', '30514', '152', '65', '0'),
(2906, '902', 'Male', '24', '1', '36', '0', '< 1 Year', 'No', '30983', '152', '67', '0'),
(2907, '903', 'Male', '49', '1', '45', '0', '1-2 Year', 'Yes', '27937', '124', '132', '0'),
(2908, '904', 'Female', '51', '1', '50', '0', '< 1 Year', 'Yes', '45869', '122', '100', '0'),
(2909, '905', 'Female', '69', '1', '28', '0', '1-2 Year', 'No', '46732', '13', '259', '0'),
(2910, '906', 'Female', '22', '1', '36', '1', '< 1 Year', 'Yes', '2630', '160', '106', '0'),
(2911, '907', 'Male', '44', '1', '28', '0', '1-2 Year', 'Yes', '35482', '26', '59', '0'),
(2912, '908', 'Male', '35', '1', '27', '0', '1-2 Year', 'Yes', '22791', '156', '36', '0'),
(2913, '909', 'Male', '30', '1', '38', '1', '1-2 Year', 'No', '25412', '124', '175', '0'),
(2914, '910', 'Female', '36', '1', '33', '0', '1-2 Year', 'Yes', '2630', '160', '180', '0'),
(2915, '911', 'Female', '21', '1', '28', '0', '< 1 Year', 'Yes', '32733', '152', '145', '0'),
(2916, '912', 'Male', '72', '1', '28', '0', '> 2 Years', 'Yes', '54468', '122', '129', '1'),
(2917, '913', 'Male', '22', '1', '46', '1', '< 1 Year', 'No', '21470', '152', '182', '0'),
(2918, '914', 'Female', '25', '1', '35', '1', '< 1 Year', 'No', '31745', '152', '242', '0'),
(2919, '915', 'Male', '49', '1', '7', '0', '1-2 Year', 'No', '36497', '4', '252', '0'),
(2920, '916', 'Female', '31', '1', '29', '1', '< 1 Year', 'No', '25259', '152', '42', '0'),
(2921, '917', 'Male', '24', '1', '15', '0', '< 1 Year', 'Yes', '27709', '152', '64', '0'),
(2922, '918', 'Female', '47', '1', '8', '0', '1-2 Year', 'Yes', '32305', '26', '80', '0'),
(2923, '919', 'Male', '32', '1', '28', '0', '1-2 Year', 'Yes', '2630', '124', '227', '1'),
(2924, '920', 'Male', '42', '1', '8', '1', '1-2 Year', 'No', '28725', '26', '284', '0'),
(2925, '921', 'Female', '70', '1', '6', '1', '1-2 Year', 'No', '25776', '124', '105', '0'),
(2926, '922', 'Male', '59', '1', '26', '1', '1-2 Year', 'No', '47831', '22', '274', '0'),
(2927, '923', 'Male', '24', '1', '8', '1', '< 1 Year', 'No', '29817', '152', '88', '0'),
(2928, '924', 'Male', '25', '1', '15', '1', '< 1 Year', 'No', '30587', '152', '49', '0'),
(2929, '925', 'Male', '37', '1', '18', '0', '1-2 Year', 'Yes', '53672', '154', '32', '1'),
(2930, '926', 'Male', '22', '1', '28', '1', '< 1 Year', 'No', '33860', '152', '247', '0'),
(2931, '927', 'Female', '26', '1', '14', '1', '< 1 Year', 'No', '42792', '152', '86', '0'),
(2932, '928', 'Female', '81', '1', '28', '1', '1-2 Year', 'No', '38673', '26', '36', '0'),
(2933, '929', 'Female', '64', '1', '28', '0', '1-2 Year', 'Yes', '54624', '26', '17', '0'),
(2934, '930', 'Female', '31', '1', '12', '0', '1-2 Year', 'Yes', '2630', '26', '186', '0'),
(2935, '931', 'Female', '51', '1', '28', '0', '1-2 Year', 'Yes', '37564', '26', '252', '1'),
(2936, '932', 'Female', '25', '1', '47', '0', '< 1 Year', 'Yes', '57180', '154', '205', '1'),
(2937, '933', 'Male', '25', '1', '28', '1', '< 1 Year', 'No', '54611', '152', '231', '0'),
(2938, '934', 'Female', '22', '1', '41', '1', '< 1 Year', 'No', '21700', '152', '124', '0'),
(2939, '935', 'Female', '42', '1', '15', '0', '1-2 Year', 'Yes', '27103', '124', '175', '0'),
(2940, '936', 'Female', '23', '1', '36', '1', '< 1 Year', 'No', '34976', '152', '100', '0'),
(2941, '937', 'Female', '66', '1', '28', '0', '1-2 Year', 'Yes', '35154', '122', '160', '0'),
(2942, '938', 'Male', '64', '1', '25', '0', '> 2 Years', 'Yes', '25272', '26', '91', '0'),
(2943, '939', 'Female', '43', '1', '16', '1', '1-2 Year', 'No', '34518', '152', '219', '0'),
(2944, '940', 'Male', '25', '1', '2', '0', '< 1 Year', 'No', '27134', '152', '65', '0'),
(2945, '941', 'Male', '50', '1', '28', '0', '1-2 Year', 'Yes', '26968', '122', '17', '0'),
(2946, '942', 'Male', '35', '1', '8', '1', '1-2 Year', 'No', '37449', '124', '70', '0'),
(2947, '943', 'Female', '42', '1', '28', '0', '1-2 Year', 'Yes', '43878', '26', '59', '0'),
(2948, '944', 'Female', '25', '1', '36', '0', '< 1 Year', 'Yes', '29430', '152', '271', '0'),
(2949, '945', 'Female', '22', '1', '7', '0', '< 1 Year', 'Yes', '49396', '160', '133', '0'),
(2950, '946', 'Female', '42', '1', '28', '1', '1-2 Year', 'No', '23211', '26', '113', '0'),
(2951, '947', 'Male', '22', '1', '15', '1', '< 1 Year', 'No', '38356', '152', '258', '0'),
(2952, '948', 'Female', '22', '1', '37', '0', '< 1 Year', 'Yes', '30266', '160', '88', '0'),
(2953, '949', 'Male', '20', '1', '36', '0', '< 1 Year', 'Yes', '41945', '160', '50', '0'),
(2954, '950', 'Female', '46', '1', '26', '0', '1-2 Year', 'Yes', '2630', '157', '142', '1'),
(2955, '951', 'Female', '22', '1', '45', '1', '< 1 Year', 'No', '21280', '152', '45', '0'),
(2956, '952', 'Female', '22', '1', '26', '1', '< 1 Year', 'No', '33459', '152', '153', '0'),
(2957, '953', 'Male', '45', '1', '46', '0', '1-2 Year', 'Yes', '13895', '124', '113', '0'),
(2958, '954', 'Female', '23', '1', '28', '0', '< 1 Year', 'Yes', '65093', '152', '240', '0'),
(2959, '955', 'Male', '57', '1', '39', '0', '1-2 Year', 'Yes', '2630', '124', '49', '0'),
(2960, '956', 'Male', '20', '1', '11', '1', '< 1 Year', 'No', '29587', '160', '187', '0'),
(2961, '957', 'Male', '50', '1', '15', '0', '1-2 Year', 'Yes', '33666', '124', '242', '1'),
(2962, '958', 'Female', '28', '1', '30', '0', '< 1 Year', 'Yes', '30354', '26', '232', '0'),
(2963, '959', 'Male', '36', '1', '29', '0', '> 2 Years', 'Yes', '28075', '156', '230', '0'),
(2964, '960', 'Female', '21', '1', '45', '0', '< 1 Year', 'Yes', '27546', '160', '279', '0'),
(2965, '961', 'Female', '20', '1', '30', '1', '< 1 Year', 'No', '35192', '160', '25', '0'),
(2966, '962', 'Male', '23', '1', '41', '1', '< 1 Year', 'No', '32978', '152', '112', '0'),
(2967, '963', 'Female', '22', '1', '46', '1', '< 1 Year', 'No', '59086', '152', '238', '0'),
(2968, '964', 'Male', '33', '1', '15', '1', '< 1 Year', 'No', '35268', '152', '268', '0'),
(2969, '965', 'Male', '35', '1', '46', '0', '1-2 Year', 'Yes', '23146', '124', '268', '0'),
(2970, '966', 'Female', '25', '1', '8', '1', '< 1 Year', 'No', '36341', '152', '65', '0'),
(2971, '967', 'Female', '27', '1', '8', '0', '< 1 Year', 'No', '42963', '152', '175', '0'),
(2972, '968', 'Male', '47', '1', '3', '0', '1-2 Year', 'Yes', '24495', '7', '284', '0'),
(2973, '969', 'Female', '25', '1', '12', '1', '< 1 Year', 'No', '23262', '152', '69', '0'),
(2974, '970', 'Male', '33', '1', '36', '0', '1-2 Year', 'Yes', '26910', '124', '31', '0'),
(2975, '971', 'Male', '34', '1', '28', '0', '1-2 Year', 'Yes', '31177', '26', '103', '1'),
(2976, '972', 'Male', '52', '1', '28', '0', '1-2 Year', 'Yes', '50851', '124', '285', '1'),
(2977, '973', 'Male', '32', '1', '8', '1', '< 1 Year', 'No', '30505', '152', '181', '0'),
(2978, '974', 'Male', '40', '1', '8', '0', '1-2 Year', 'No', '49097', '26', '208', '0'),
(2979, '975', 'Male', '57', '1', '46', '0', '1-2 Year', 'Yes', '2630', '11', '269', '0'),
(2980, '976', 'Female', '23', '1', '46', '0', '< 1 Year', 'Yes', '47385', '152', '277', '0'),
(2981, '977', 'Male', '33', '1', '10', '1', '< 1 Year', 'No', '21928', '152', '58', '0'),
(2982, '978', 'Female', '67', '1', '28', '0', '1-2 Year', 'Yes', '2630', '42', '138', '0'),
(2983, '979', 'Female', '33', '1', '46', '0', '1-2 Year', 'Yes', '2630', '156', '116', '1'),
(2984, '980', 'Male', '48', '1', '27', '0', '1-2 Year', 'Yes', '32645', '152', '182', '0'),
(2985, '981', 'Male', '35', '1', '32', '0', '1-2 Year', 'Yes', '34062', '163', '236', '1'),
(2986, '982', 'Male', '38', '1', '36', '0', '1-2 Year', 'Yes', '37742', '26', '295', '1'),
(2987, '983', 'Male', '24', '1', '17', '1', '< 1 Year', 'No', '29625', '83', '286', '0'),
(2988, '984', 'Female', '23', '1', '47', '0', '< 1 Year', 'No', '29431', '151', '257', '0'),
(2989, '985', 'Male', '23', '1', '16', '0', '< 1 Year', 'Yes', '2630', '152', '126', '1'),
(2990, '986', 'Female', '25', '1', '46', '1', '< 1 Year', 'No', '20804', '152', '204', '0'),
(2991, '987', 'Female', '23', '1', '16', '1', '< 1 Year', 'No', '2630', '26', '145', '0'),
(2992, '988', 'Male', '23', '1', '47', '1', '< 1 Year', 'No', '31231', '152', '175', '0'),
(2993, '989', 'Male', '48', '1', '3', '0', '1-2 Year', 'Yes', '32485', '124', '12', '1'),
(2994, '990', 'Female', '51', '1', '28', '1', '1-2 Year', 'No', '37768', '25', '69', '0'),
(2995, '991', 'Female', '43', '1', '3', '0', '1-2 Year', 'Yes', '30437', '26', '208', '0'),
(2996, '992', 'Male', '66', '1', '3', '1', '1-2 Year', 'No', '2630', '26', '240', '0'),
(2997, '993', 'Female', '25', '1', '3', '1', '< 1 Year', 'No', '22102', '152', '163', '0'),
(2998, '994', 'Female', '27', '1', '10', '1', '< 1 Year', 'No', '30517', '152', '125', '0'),
(2999, '995', 'Female', '58', '1', '28', '0', '1-2 Year', 'Yes', '42064', '26', '163', '0'),
(3000, '996', 'Female', '25', '1', '35', '1', '< 1 Year', 'No', '41195', '152', '148', '0'),
(3001, '997', 'Male', '31', '1', '28', '1', '< 1 Year', 'No', '38881', '152', '120', '0'),
(3002, '998', 'Male', '31', '1', '41', '0', '< 1 Year', 'Yes', '18987', '152', '100', '1'),
(3003, '999', 'Female', '43', '1', '28', '0', '1-2 Year', 'Yes', '55924', '26', '216', '1'),
(3004, '1000', 'Female', '21', '1', '46', '1', '< 1 Year', 'No', '29298', '160', '37', '0'),
(3005, '1001', 'Male', '49', '1', '18', '0', '1-2 Year', 'Yes', '47406', '26', '212', '0'),
(3006, '1002', 'Female', '26', '1', '28', '1', '< 1 Year', 'No', '43080', '152', '76', '0');

-- --------------------------------------------------------

--
-- Table structure for table `remote_user_car_insurance_prediction`
--

CREATE TABLE IF NOT EXISTS `remote_user_car_insurance_prediction` (
  `id` int(11) NOT NULL AUTO_INCREMENT,
  `Gender` varchar(300) NOT NULL,
  `Age` varchar(300) NOT NULL,
  `Driving_License` varchar(300) NOT NULL,
  `Region_Code` varchar(300) NOT NULL,
  `Previously_Insured` varchar(300) NOT NULL,
  `Vehicle_Age` varchar(300) NOT NULL,
  `Vehicle_Damage` varchar(300) NOT NULL,
  `Annual_Premium` varchar(300) NOT NULL,
  `Policy_Sales_Channel` varchar(300) NOT NULL,
  `Vintage` varchar(300) NOT NULL,
  `IPrediction` varchar(300) NOT NULL,
  PRIMARY KEY (`id`)
) ENGINE=InnoDB  DEFAULT CHARSET=latin1 AUTO_INCREMENT=7 ;

--
-- Dumping data for table `remote_user_car_insurance_prediction`
--

INSERT INTO `remote_user_car_insurance_prediction` (`id`, `Gender`, `Age`, `Driving_License`, `Region_Code`, `Previously_Insured`, `Vehicle_Age`, `Vehicle_Damage`, `Annual_Premium`, `Policy_Sales_Channel`, `Vintage`, `IPrediction`) VALUES
(1, 'Male', '44', '1', '28', '0', '> 2 Years', 'Yes', '40454', '26', '217', 'Insurance Purchase Interested'),
(2, 'Male', '76', '1', '3', '0', '1-2 Year', 'No', '33536', '26', '183', 'Insurance Purchase Not Interested'),
(3, 'Female', '29', '1', '41', '1', '< 1 Year', 'No', '27496', '152', '39', 'Insurance Purchase Not Interested'),
(4, 'Male', '76', '1', '28', '0', '1-2 Year', 'Yes', '36770', '13', '15', 'Insurance Purchase Not Interested'),
(5, 'Female', '24', '1', '46', '0', '< 1 Year', 'Yes', '27141', '152', '246', 'Insurance Purchase Not Interested'),
(6, 'Male', '54', '1', '28', '0', '1-2 Year', 'Yes', '34367', '124', '237', 'Insurance Purchase Interested');

-- --------------------------------------------------------

--
-- Table structure for table `remote_user_clientregister_model`
--

CREATE TABLE IF NOT EXISTS `remote_user_clientregister_model` (
  `id` int(11) NOT NULL AUTO_INCREMENT,
  `username` varchar(30) NOT NULL,
  `email` varchar(30) NOT NULL,
  `password` varchar(50) NOT NULL,
  `phoneno` varchar(50) NOT NULL,
  `country` varchar(30) NOT NULL,
  `state` varchar(30) NOT NULL,
  `city` varchar(30) NOT NULL,
  PRIMARY KEY (`id`)
) ENGINE=InnoDB  DEFAULT CHARSET=latin1 AUTO_INCREMENT=4 ;

--
-- Dumping data for table `remote_user_clientregister_model`
--

INSERT INTO `remote_user_clientregister_model` (`id`, `username`, `email`, `password`, `phoneno`, `country`, `state`, `city`) VALUES
(1, 'Amar', 'Amar123@gmail.com', 'Amar', '9535866270', 'India', 'Karnataka', 'Bangalore'),
(2, 'Manjunath', 'tmksmanju13@gmail.com', 'Manjunath', '9535866270', 'India', 'Karnataka', 'Bangalore'),
(3, 'Arjun', 'Arjun123@gmail.com', 'Arjun', '9535866270', 'India', 'Karnataka', 'Bangalore');

-- --------------------------------------------------------

--
-- Table structure for table `remote_user_detection_accuracy`
--

CREATE TABLE IF NOT EXISTS `remote_user_detection_accuracy` (
  `id` int(11) NOT NULL AUTO_INCREMENT,
  `names` varchar(300) NOT NULL,
  `ratio` varchar(300) NOT NULL,
  PRIMARY KEY (`id`)
) ENGINE=InnoDB  DEFAULT CHARSET=latin1 AUTO_INCREMENT=39 ;

--
-- Dumping data for table `remote_user_detection_accuracy`
--

INSERT INTO `remote_user_detection_accuracy` (`id`, `names`, `ratio`) VALUES
(35, 'Naive Bayes', '87.69121775865236'),
(36, 'SVM', '87.69121775865236'),
(37, 'Logistic Regression', '87.69121775865236'),
(38, 'Decision Tree Classifier', '87.69121775865236');

-- --------------------------------------------------------

--
-- Table structure for table `remote_user_detection_ratio`
--

CREATE TABLE IF NOT EXISTS `remote_user_detection_ratio` (
  `id` int(11) NOT NULL AUTO_INCREMENT,
  `names` varchar(300) NOT NULL,
  `ratio` varchar(300) NOT NULL,
  PRIMARY KEY (`id`)
) ENGINE=InnoDB  DEFAULT CHARSET=latin1 AUTO_INCREMENT=17 ;

--
-- Dumping data for table `remote_user_detection_ratio`
--

INSERT INTO `remote_user_detection_ratio` (`id`, `names`, `ratio`) VALUES
(15, 'Insurance Purchase Not Interested', '66.66666666666666'),
(16, 'Insurance Purchase Interested', '33.33333333333333');

/*!40101 SET CHARACTER_SET_CLIENT=@OLD_CHARACTER_SET_CLIENT */;
/*!40101 SET CHARACTER_SET_RESULTS=@OLD_CHARACTER_SET_RESULTS */;
/*!40101 SET COLLATION_CONNECTION=@OLD_COLLATION_CONNECTION */;
